Country,1993,1994,1995,1996,1997,1998,1999,2000,2001,2002,2003,2004,2005,2006,2007,2008,2009,2010,2011,2012,2013,2014,2015,2016,2017,2018,2019,2020,2021,2022,2023,1993_points,1994_points,1995_points,1996_points,1997_points,1998_points,1999_points,2000_points,2001_points,2002_points,2003_points,2004_points,2005_points,2006_points,2007_points,2008_points,2009_points,2010_points,2011_points,2012_points,2013_points,2014_points,2015_points,2016_points,2017_points,2018_points,2019_points,2020_points,2021_points,2022_points,2023_points
Afghanistan,196.0,196.0,196.0,196.0,196.0,196.0,196.0,196.0,196.0,196.0,204.0,196.0,200.0,189.0,178.0,190.0,184.0,194.0,195.0,177.0,186.0,138.0,142.0,153.0,151.0,148.0,147.0,149.0,150.0,150.0,155.0,0.0,0.0,0.0,0.0,0.0,0.0,0.0,0.0,0.0,0.0,7.0,66.0,57.0,85.0,43.0,16.0,44.0,20.0,10.0,85.0,39.0,184.0,190.0,183.0,179.0,176.0,1066.0,1052.0,1052.0,1049.77,1023.04
Albania,92.0,93.0,106.0,90.0,118.0,102.0,91.0,83.0,74.0,92.0,98.0,89.0,86.0,83.0,86.0,80.0,78.0,97.0,64.0,77.0,63.0,56.0,58.0,38.0,51.0,60.0,61.0,66.0,66.0,65.0,68.0,15.0,16.0,15.0,22.0,21.0,29.0,386.0,427.0,480.0,457.0,428.0,479.0,515.0,517.0,375.0,407.0,424.0,336.0,497.0,450.0,518.0,571.0,543.0,746.0,618.0,553.0,1372.0,1356.0,1360.0,1374.98,1344.95
Algeria,34.0,37.0,54.0,44.0,53.0,59.0,78.0,86.0,80.0,74.0,65.0,63.0,74.0,80.0,78.0,76.0,64.0,31.0,36.0,32.0,22.0,27.0,18.0,28.0,39.0,57.0,69.0,35.0,31.0,43.0,34.0,40.0,39.0,34.0,40.0,42.0,44.0,437.0,421.0,471.0,511.0,514.0,541.0,538.0,522.0,413.0,414.0,501.0,784.0,678.0,734.0,829.0,792.0,948.0,845.0,687.0,585.0,1349.0,1482.0,1488.0,1460.93,1504.19
American Samoa,175.0,175.0,175.0,177.0,177.0,192.0,194.0,198.0,203.0,201.0,201.0,202.0,204.0,205.0,188.0,146.0,176.0,182.0,186.0,186.0,193.0,196.0,200.0,167.0,191.0,194.0,190.0,192.0,192.0,190.0,187.0,0.0,0.0,0.0,0.0,0.0,1.0,6.0,6.0,8.0,16.0,19.0,17.0,19.0,15.0,0.0,0.0,0.0,0.0,61.0,61.0,30.0,18.0,12.0,128.0,64.0,38.0,908.0,900.0,900.0,900.27,900.27
Andorra,213.0,213.0,213.0,213.0,185.0,185.0,165.0,146.0,145.0,143.0,137.0,147.0,141.0,126.0,165.0,175.0,195.0,202.0,202.0,199.0,203.0,198.0,201.0,201.0,203.0,136.0,132.0,135.0,151.0,155.0,153.0,0.0,0.0,0.0,0.0,2.0,2.0,102.0,180.0,243.0,274.0,303.0,294.0,335.0,356.0,76.0,57.0,20.0,3.0,2.0,15.0,11.0,17.0,9.0,6.0,12.0,215.0,1111.0,1082.0,1048.0,1030.28,1030.52
Angola,93.0,113.0,93.0,82.0,72.0,58.0,59.0,53.0,55.0,54.0,77.0,83.0,73.0,63.0,55.0,72.0,67.0,88.0,88.0,85.0,78.0,89.0,81.0,105.0,144.0,142.0,125.0,124.0,125.0,127.0,118.0,15.0,11.0,19.0,26.0,35.0,44.0,489.0,516.0,539.0,566.0,485.0,490.0,545.0,568.0,540.0,443.0,492.0,371.0,369.0,405.0,443.0,384.0,404.0,333.0,199.0,200.0,1131.0,1136.0,1134.0,1131.72,1158.57
Anguilla,182.0,182.0,182.0,182.0,182.0,182.0,198.0,202.0,196.0,195.0,196.0,198.0,197.0,198.0,197.0,198.0,182.0,182.0,197.0,201.0,205.0,206.0,208.0,182.0,182.0,210.0,208.0,210.0,209.0,209.0,210.0,0.0,0.0,0.0,0.0,0.0,0.0,3.0,3.0,35.0,65.0,61.0,52.0,65.0,52.0,6.0,4.0,0.0,0.0,9.0,9.0,4.0,3.0,2.0,0.0,0.0,776.0,864.0,821.0,821.0,792.34,785.69
Antigua and Barbuda,127.0,116.0,141.0,137.0,146.0,164.0,148.0,149.0,143.0,157.0,156.0,170.0,153.0,155.0,137.0,156.0,127.0,127.0,103.0,84.0,115.0,144.0,95.0,92.0,92.0,139.0,126.0,126.0,126.0,128.0,133.0,7.0,9.0,7.0,11.0,10.0,7.0,175.0,176.0,244.0,217.0,215.0,184.0,262.0,242.0,153.0,110.0,242.0,184.0,299.0,407.0,293.0,164.0,344.0,371.0,370.0,209.0,1126.0,1127.0,1127.0,1131.07,1107.51
Aotearoa New Zealand,80.0,78.0,107.0,102.0,116.0,119.0,100.0,100.0,90.0,83.0,49.0,88.0,96.0,121.0,131.0,94.0,82.0,79.0,63.0,118.0,91.0,91.0,135.0,150.0,109.0,120.0,119.0,122.0,118.0,111.0,103.0,0.0,0.0,0.0,0.0,0.0,0.0,0.0,0.0,0.0,0.0,0.0,0.0,0.0,0.0,0.0,0.0,0.0,0.0,0.0,0.0,0.0,0.0,0.0,0.0,0.0,0.0,0.0,0.0,0.0,0.0,1199.04
Argentina,5.0,9.0,7.0,7.0,18.0,17.0,6.0,6.0,3.0,2.0,5.0,5.0,3.0,4.0,3.0,1.0,6.0,8.0,5.0,10.0,3.0,3.0,2.0,2.0,1.0,4.0,11.0,9.0,7.0,4.0,1.0,56.0,55.0,59.0,57.0,53.0,56.0,733.0,721.0,771.0,801.0,750.0,744.0,785.0,772.0,1551.0,1523.0,1180.0,1082.0,1338.0,1067.0,1290.0,1251.0,1538.0,1455.0,1634.0,1348.0,1582.0,1623.0,1642.0,1766.99,1840.93
Armenia,287.0,159.0,144.0,114.0,108.0,105.0,89.0,85.0,92.0,96.0,110.0,112.0,120.0,108.0,123.0,85.0,112.0,102.0,60.0,45.0,75.0,38.0,79.0,121.0,86.0,90.0,101.0,102.0,99.0,92.0,97.0,0.0,1.0,6.0,16.0,24.0,28.0,397.0,425.0,441.0,449.0,399.0,407.0,402.0,431.0,196.0,386.0,313.0,321.0,515.0,612.0,457.0,716.0,436.0,285.0,412.0,383.0,1222.0,1213.0,1233.0,1242.24,1224.08
Aruba,189.0,189.0,168.0,171.0,181.0,177.0,182.0,191.0,184.0,185.0,189.0,195.0,198.0,200.0,189.0,193.0,194.0,198.0,199.0,164.0,151.0,170.0,129.0,115.0,160.0,180.0,187.0,200.0,200.0,200.0,204.0,0.0,0.0,1.0,1.0,1.0,4.0,52.0,44.0,100.0,101.0,87.0,69.0,64.0,46.0,0.0,22.0,22.0,11.0,7.0,120.0,163.0,87.0,221.0,298.0,147.0,92.0,916.0,867.0,867.0,859.97,850.88
Australia,52.0,47.0,47.0,54.0,33.0,35.0,50.0,90.0,75.0,48.0,50.0,81.0,58.0,48.0,39.0,48.0,29.0,23.0,26.0,21.0,36.0,56.0,100.0,59.0,44.0,36.0,42.0,42.0,41.0,37.0,29.0,32.0,35.0,37.0,37.0,46.0,52.0,520.0,410.0,479.0,586.0,557.0,498.0,576.0,610.0,703.0,607.0,777.0,857.0,796.0,866.0,674.0,571.0,329.0,583.0,649.0,763.0,1441.0,1457.0,1457.0,1486.86,1532.79
Austria,38.0,34.0,52.0,40.0,34.0,27.0,18.0,29.0,44.0,56.0,55.0,68.0,82.0,71.0,65.0,90.0,92.0,61.0,46.0,71.0,68.0,47.0,23.0,10.0,31.0,29.0,23.0,26.0,23.0,30.0,32.0,39.0,40.0,35.0,41.0,46.0,54.0,633.0,603.0,572.0,558.0,541.0,526.0,522.0,550.0,473.0,366.0,388.0,523.0,569.0,459.0,492.0,648.0,863.0,1091.0,773.0,815.0,1509.0,1507.0,1531.0,1511.56,1508.24
Azerbaijan,260.0,151.0,148.0,141.0,125.0,124.0,101.0,97.0,115.0,113.0,116.0,114.0,115.0,114.0,127.0,116.0,134.0,114.0,97.0,111.0,118.0,94.0,136.0,116.0,90.0,118.0,108.0,114.0,108.0,121.0,124.0,0.0,3.0,5.0,9.0,19.0,21.0,353.0,390.0,349.0,390.0,383.0,406.0,431.0,394.0,182.0,279.0,209.0,236.0,343.0,300.0,277.0,363.0,215.0,296.0,386.0,281.0,1206.0,1177.0,1180.0,1139.02,1142.25
Bahamas,196.0,196.0,196.0,196.0,196.0,196.0,197.0,189.0,178.0,183.0,187.0,193.0,193.0,193.0,147.0,174.0,169.0,176.0,194.0,155.0,174.0,185.0,195.0,196.0,196.0,209.0,210.0,195.0,196.0,201.0,203.0,0.0,0.0,0.0,0.0,0.0,0.0,7.0,47.0,117.0,106.0,90.0,91.0,90.0,68.0,113.0,58.0,74.0,43.0,13.0,141.0,66.0,40.0,26.0,0.0,0.0,801.0,858.0,880.0,880.0,858.5,852.87
Bahrain,79.0,79.0,75.0,98.0,119.0,122.0,117.0,136.0,138.0,110.0,95.0,63.0,50.0,52.0,97.0,100.0,89.0,60.0,93.0,95.0,117.0,110.0,110.0,121.0,123.0,122.0,111.0,99.0,97.0,89.0,85.0,21.0,21.0,26.0,20.0,21.0,22.0,283.0,223.0,266.0,400.0,433.0,541.0,592.0,603.0,321.0,340.0,407.0,530.0,351.0,372.0,282.0,299.0,292.0,285.0,268.0,264.0,1188.0,1225.0,1238.0,1263.61,1282.05
Bangladesh,120.0,115.0,133.0,139.0,137.0,142.0,155.0,131.0,151.0,148.0,157.0,151.0,167.0,143.0,151.0,168.0,175.0,150.0,158.0,158.0,168.0,164.0,165.0,179.0,190.0,197.0,192.0,187.0,186.0,186.0,192.0,8.0,10.0,9.0,9.0,14.0,15.0,147.0,247.0,223.0,249.0,213.0,268.0,217.0,296.0,108.0,78.0,68.0,117.0,84.0,138.0,90.0,116.0,103.0,87.0,69.0,30.0,907.0,914.0,917.0,907.83,883.88
Barbados,105.0,107.0,117.0,104.0,111.0,110.0,120.0,113.0,105.0,107.0,101.0,111.0,121.0,115.0,99.0,142.0,125.0,128.0,130.0,165.0,143.0,166.0,143.0,145.0,155.0,155.0,162.0,162.0,162.0,163.0,167.0,11.0,12.0,12.0,19.0,23.0,26.0,278.0,322.0,407.0,421.0,423.0,410.0,392.0,386.0,309.0,159.0,248.0,171.0,187.0,119.0,197.0,101.0,183.0,214.0,163.0,144.0,998.0,1009.0,1009.0,995.94,984.05
Belarus,130.0,140.0,123.0,86.0,91.0,111.0,93.0,96.0,96.0,85.0,75.0,90.0,68.0,61.0,70.0,62.0,81.0,80.0,37.0,65.0,65.0,83.0,99.0,68.0,74.0,93.0,78.0,87.0,88.0,94.0,98.0,5.0,4.0,11.0,24.0,29.0,26.0,379.0,395.0,427.0,474.0,489.0,476.0,554.0,570.0,447.0,553.0,420.0,397.0,660.0,501.0,516.0,431.0,331.0,514.0,470.0,372.0,1317.0,1280.0,1269.0,1233.43,1210.17
Belgium,18.0,26.0,23.0,25.0,44.0,41.0,21.0,33.0,27.0,20.0,16.0,16.0,44.0,55.0,53.0,49.0,54.0,66.0,58.0,40.0,20.0,11.0,4.0,1.0,5.0,5.0,1.0,1.0,1.0,1.0,4.0,48.0,44.0,47.0,48.0,44.0,50.0,610.0,588.0,610.0,666.0,686.0,696.0,600.0,595.0,563.0,600.0,548.0,491.0,526.0,647.0,868.0,1098.0,1417.0,1494.0,1368.0,1325.0,1727.0,1765.0,1780.0,1828.45,1792.53
Belize,202.0,202.0,173.0,173.0,182.0,179.0,185.0,190.0,186.0,167.0,160.0,175.0,181.0,180.0,202.0,176.0,173.0,186.0,173.0,133.0,164.0,152.0,175.0,128.0,163.0,171.0,160.0,170.0,170.0,170.0,177.0,0.0,0.0,1.0,1.0,1.0,3.0,41.0,46.0,93.0,187.0,200.0,163.0,147.0,134.0,0.0,64.0,71.0,33.0,54.0,230.0,110.0,146.0,74.0,273.0,141.0,105.0,1002.0,974.0,974.0,967.42,939.96
Benin,124.0,130.0,147.0,161.0,129.0,134.0,129.0,141.0,148.0,150.0,147.0,123.0,122.0,113.0,115.0,94.0,99.0,67.0,72.0,136.0,93.0,99.0,89.0,78.0,66.0,81.0,94.0,84.0,82.0,83.0,92.0,7.0,7.0,6.0,4.0,17.0,18.0,247.0,204.0,239.0,247.0,263.0,384.0,391.0,396.0,227.0,349.0,362.0,483.0,449.0,228.0,384.0,335.0,359.0,458.0,531.0,427.0,1257.0,1295.0,1302.0,1282.53,1240.45
Bermuda,76.0,86.0,112.0,144.0,167.0,176.0,180.0,163.0,153.0,166.0,174.0,180.0,157.0,161.0,121.0,147.0,131.0,135.0,172.0,106.0,157.0,175.0,179.0,159.0,186.0,184.0,176.0,168.0,169.0,166.0,173.0,22.0,19.0,14.0,9.0,4.0,4.0,64.0,137.0,219.0,192.0,161.0,137.0,257.0,219.0,206.0,134.0,229.0,156.0,55.0,314.0,139.0,83.0,55.0,154.0,77.0,72.0,952.0,984.0,983.0,982.43,966.27
Bhutan,180.0,180.0,180.0,180.0,180.0,180.0,180.0,200.0,201.0,202.0,199.0,187.0,188.0,190.0,191.0,198.0,189.0,197.0,197.0,202.0,180.0,180.0,163.0,192.0,176.0,188.0,186.0,189.0,189.0,185.0,185.0,0.0,0.0,0.0,0.0,0.0,0.0,0.0,15.0,15.0,13.0,36.0,113.0,97.0,84.0,19.0,4.0,33.0,17.0,9.0,6.0,0.0,0.0,128.0,49.0,110.0,57.0,917.0,911.0,911.0,910.96,906.36
Bolivia,59.0,55.0,48.0,56.0,37.0,28.0,56.0,61.0,65.0,70.0,96.0,101.0,95.0,97.0,101.0,106.0,58.0,55.0,96.0,109.0,41.0,69.0,84.0,70.0,95.0,49.0,60.0,75.0,79.0,76.0,83.0,31.0,31.0,37.0,37.0,46.0,54.0,499.0,490.0,509.0,522.0,433.0,448.0,484.0,472.0,300.0,313.0,528.0,573.0,344.0,309.0,609.0,519.0,375.0,500.0,359.0,674.0,1374.0,1324.0,1307.0,1308.12,1296.42
Bosnia and Herzegovina,363.0,363.0,363.0,171.0,139.0,100.0,97.0,75.0,79.0,71.0,88.0,58.0,79.0,64.0,58.0,51.0,61.0,48.0,45.0,19.0,26.0,19.0,29.0,22.0,27.0,38.0,35.0,49.0,56.0,59.0,57.0,0.0,0.0,0.0,2.0,13.0,31.0,364.0,446.0,472.0,522.0,462.0,547.0,526.0,561.0,511.0,585.0,517.0,645.0,582.0,869.0,788.0,899.0,817.0,905.0,825.0,753.0,1472.0,1430.0,1410.0,1391.19,1403.04
Botswana,135.0,143.0,146.0,157.0,161.0,152.0,158.0,165.0,150.0,142.0,131.0,116.0,103.0,99.0,107.0,101.0,117.0,119.0,54.0,94.0,124.0,97.0,106.0,95.0,113.0,149.0,145.0,148.0,146.0,149.0,152.0,5.0,3.0,6.0,6.0,6.0,11.0,141.0,130.0,225.0,275.0,323.0,404.0,461.0,466.0,269.0,333.0,283.0,219.0,535.0,373.0,264.0,354.0,308.0,363.0,296.0,172.0,1071.0,1055.0,1066.0,1051.59,1037.31
Brazil,8.0,2.0,1.0,1.0,1.0,1.0,1.0,1.0,1.0,3.0,1.0,1.0,1.0,1.0,1.0,2.0,5.0,2.0,4.0,6.0,18.0,10.0,6.0,6.0,2.0,2.0,3.0,3.0,3.0,2.0,3.0,54.0,58.0,67.0,70.0,64.0,73.0,829.0,839.0,821.0,793.0,856.0,848.0,842.0,839.0,1588.0,1502.0,1246.0,1568.0,1447.0,1143.0,946.0,1102.0,1316.0,1251.0,1544.0,1483.0,1676.0,1712.0,1743.0,1823.42,1834.21
British Virgin Islands,186.0,186.0,186.0,186.0,178.0,180.0,187.0,161.0,172.0,163.0,162.0,176.0,163.0,171.0,192.0,193.0,181.0,191.0,177.0,198.0,191.0,196.0,202.0,199.0,204.0,205.0,207.0,208.0,208.0,208.0,209.0,0.0,0.0,0.0,0.0,3.0,3.0,34.0,141.0,144.0,202.0,195.0,161.0,222.0,176.0,18.0,12.0,50.0,25.0,41.0,23.0,34.0,18.0,8.0,27.0,11.0,6.0,867.0,842.0,842.0,812.94,804.11
Brunei Darussalam,145.0,150.0,167.0,167.0,170.0,178.0,184.0,185.0,193.0,189.0,194.0,194.0,199.0,199.0,174.0,187.0,182.0,191.0,197.0,202.0,182.0,190.0,198.0,184.0,189.0,190.0,195.0,191.0,191.0,188.0,191.0,2.0,2.0,1.0,2.0,4.0,3.0,45.0,59.0,64.0,86.0,70.0,80.0,63.0,49.0,53.0,24.0,45.0,25.0,9.0,6.0,52.0,26.0,15.0,74.0,74.0,45.0,903.0,904.0,904.0,903.9,891.12
Bulgaria,37.0,23.0,14.0,18.0,14.0,38.0,30.0,37.0,54.0,51.0,42.0,34.0,37.0,39.0,42.0,18.0,28.0,30.0,49.0,83.0,50.0,74.0,66.0,72.0,72.0,42.0,48.0,59.0,68.0,71.0,76.0,39.0,45.0,54.0,53.0,55.0,52.0,580.0,563.0,540.0,576.0,582.0,627.0,623.0,638.0,684.0,881.0,782.0,801.0,555.0,410.0,585.0,486.0,506.0,494.0,492.0,719.0,1425.0,1381.0,1350.0,1345.47,1315.74
Burkina Faso,113.0,117.0,101.0,105.0,99.0,75.0,84.0,74.0,69.0,78.0,76.0,72.0,84.0,87.0,62.0,112.0,62.0,51.0,42.0,66.0,92.0,58.0,64.0,89.0,53.0,44.0,62.0,59.0,58.0,56.0,50.0,10.0,9.0,17.0,18.0,27.0,38.0,415.0,453.0,498.0,506.0,487.0,516.0,519.0,502.0,491.0,283.0,512.0,616.0,619.0,499.0,389.0,566.0,523.0,385.0,611.0,709.0,1371.0,1381.0,1391.0,1418.58,1433.91
Burundi,96.0,103.0,130.0,147.0,138.0,155.0,138.0,133.0,125.0,125.0,136.0,145.0,145.0,148.0,120.0,121.0,128.0,147.0,140.0,141.0,104.0,124.0,128.0,110.0,139.0,143.0,138.0,149.0,138.0,141.0,145.0,14.0,12.0,10.0,8.0,14.0,9.0,205.0,238.0,306.0,337.0,308.0,297.0,325.0,265.0,218.0,255.0,236.0,124.0,147.0,199.0,334.0,230.0,227.0,307.0,213.0,197.0,1085.0,1052.0,1078.0,1075.82,1069.71
Cabo Verde,194.0,194.0,194.0,194.0,194.0,194.0,194.0,194.0,194.0,194.0,194.0,194.0,194.0,194.0,194.0,194.0,194.0,194.0,194.0,194.0,194.0,194.0,194.0,194.0,194.0,194.0,78.0,78.0,80.0,73.0,71.0,0.0,0.0,0.0,0.0,0.0,0.0,0.0,0.0,0.0,0.0,0.0,0.0,0.0,0.0,0.0,0.0,0.0,0.0,0.0,0.0,0.0,0.0,0.0,0.0,0.0,0.0,1318.0,1318.0,1306.0,1336.88,1337.05
Cambodia,197.0,197.0,197.0,197.0,182.0,158.0,171.0,169.0,169.0,170.0,167.0,178.0,184.0,188.0,176.0,184.0,179.0,173.0,165.0,170.0,184.0,189.0,179.0,181.0,172.0,172.0,172.0,173.0,173.0,171.0,176.0,0.0,0.0,0.0,0.0,2.0,8.0,93.0,118.0,158.0,179.0,183.0,148.0,126.0,95.0,49.0,30.0,56.0,56.0,68.0,101.0,50.0,28.0,55.0,83.0,121.0,103.0,970.0,964.0,964.0,966.61,948.59
Cameroon,24.0,29.0,31.0,32.0,59.0,49.0,43.0,57.0,36.0,37.0,17.0,14.0,23.0,23.0,11.0,25.0,14.0,20.0,38.0,56.0,67.0,50.0,42.0,57.0,62.0,45.0,56.0,53.0,50.0,38.0,42.0,45.0,44.0,42.0,45.0,40.0,47.0,536.0,501.0,585.0,614.0,684.0,712.0,676.0,694.0,1160.0,853.0,989.0,914.0,650.0,551.0,500.0,616.0,665.0,586.0,552.0,707.0,1394.0,1413.0,1427.0,1480.82,1470.21
Canada,46.0,44.0,60.0,61.0,48.0,72.0,90.0,80.0,63.0,93.0,70.0,87.0,90.0,84.0,81.0,56.0,86.0,57.0,84.0,74.0,64.0,111.0,112.0,88.0,120.0,95.0,79.0,73.0,73.0,33.0,47.0,34.0,36.0,31.0,35.0,43.0,39.0,390.0,435.0,517.0,457.0,499.0,481.0,512.0,511.0,399.0,576.0,410.0,567.0,411.0,455.0,517.0,291.0,287.0,388.0,282.0,371.0,1314.0,1332.0,1332.0,1497.82,1442.66
Cape Verde Islands,143.0,147.0,163.0,145.0,155.0,165.0,169.0,177.0,156.0,159.0,155.0,143.0,129.0,119.0,78.0,110.0,107.0,100.0,75.0,58.0,70.0,35.0,40.0,39.0,79.0,63.0,74.0,231.0,231.0,73.0,231.0,2.0,2.0,2.0,9.0,7.0,7.0,98.0,80.0,210.0,208.0,221.0,309.0,376.0,371.0,413.0,301.0,332.0,331.0,444.0,549.0,486.0,726.0,693.0,745.0,449.0,530.0,1325.0,0.0,0.0,1331.46,0.0
Cayman Islands,151.0,153.0,150.0,133.0,148.0,167.0,157.0,150.0,159.0,165.0,166.0,182.0,176.0,181.0,190.0,191.0,171.0,179.0,156.0,183.0,192.0,194.0,205.0,195.0,200.0,202.0,203.0,193.0,193.0,195.0,198.0,1.0,1.0,4.0,11.0,9.0,7.0,141.0,176.0,194.0,195.0,188.0,135.0,168.0,133.0,20.0,13.0,73.0,39.0,88.0,74.0,33.0,21.0,5.0,43.0,21.0,13.0,874.0,897.0,897.0,873.64,859.83
Central African Republic,153.0,227.0,227.0,181.0,183.0,188.0,194.0,175.0,176.0,181.0,181.0,171.0,180.0,183.0,180.0,181.0,200.0,200.0,112.0,128.0,51.0,107.0,145.0,111.0,104.0,121.0,112.0,109.0,114.0,130.0,122.0,1.0,0.0,0.0,1.0,1.0,1.0,9.0,87.0,127.0,109.0,127.0,182.0,150.0,128.0,40.0,31.0,6.0,4.0,263.0,251.0,581.0,310.0,178.0,302.0,325.0,266.0,1180.0,1184.0,1171.0,1127.2,1145.69
Chad,215.0,215.0,215.0,215.0,184.0,184.0,181.0,166.0,163.0,176.0,175.0,152.0,168.0,160.0,141.0,140.0,118.0,143.0,140.0,142.0,141.0,164.0,146.0,113.0,151.0,168.0,175.0,177.0,178.0,180.0,181.0,0.0,0.0,0.0,0.0,2.0,2.0,62.0,127.0,174.0,148.0,160.0,258.0,212.0,229.0,142.0,171.0,260.0,130.0,147.0,188.0,212.0,116.0,172.0,301.0,179.0,110.0,956.0,943.0,947.0,935.0,930.22
Chile,49.0,54.0,38.0,39.0,21.0,7.0,20.0,23.0,21.0,39.0,78.0,80.0,75.0,64.0,40.0,45.0,30.0,16.0,15.0,12.0,30.0,15.0,14.0,5.0,4.0,10.0,13.0,17.0,17.0,26.0,31.0,34.0,32.0,39.0,42.0,52.0,59.0,616.0,618.0,629.0,604.0,485.0,506.0,533.0,561.0,700.0,655.0,757.0,955.0,950.0,973.0,774.0,1005.0,1016.0,1269.0,1404.0,1147.0,1565.0,1579.0,1567.0,1543.16,1511.32
China PR,45.0,50.0,42.0,66.0,79.0,57.0,52.0,88.0,76.0,55.0,64.0,85.0,54.0,73.0,83.0,82.0,104.0,87.0,79.0,74.0,86.0,92.0,96.0,82.0,81.0,70.0,72.0,76.0,75.0,75.0,81.0,34.0,33.0,37.0,32.0,33.0,45.0,513.0,412.0,478.0,565.0,518.0,484.0,585.0,547.0,389.0,396.0,340.0,373.0,419.0,455.0,415.0,376.0,339.0,413.0,424.0,504.0,1339.0,1323.0,1323.0,1313.81,1297.98
Chinese Taipei,213.0,213.0,213.0,169.0,173.0,156.0,163.0,174.0,162.0,171.0,169.0,150.0,155.0,156.0,166.0,168.0,166.0,162.0,152.0,167.0,172.0,167.0,182.0,182.0,157.0,134.0,124.0,138.0,138.0,158.0,156.0,0.0,0.0,0.0,3.0,3.0,9.0,107.0,91.0,186.0,175.0,179.0,283.0,259.0,237.0,73.0,78.0,85.0,92.0,102.0,110.0,82.0,95.0,54.0,80.0,153.0,223.0,1134.0,1078.0,1078.0,1017.78,1021.02
Colombia,19.0,20.0,16.0,17.0,5.0,15.0,27.0,24.0,15.0,5.0,37.0,39.0,26.0,24.0,34.0,17.0,49.0,39.0,48.0,35.0,5.0,4.0,3.0,8.0,6.0,13.0,12.0,10.0,15.0,19.0,17.0,48.0,49.0,53.0,53.0,61.0,58.0,593.0,614.0,671.0,739.0,617.0,612.0,670.0,692.0,755.0,905.0,597.0,736.0,558.0,709.0,1164.0,1200.0,1450.0,1211.0,1345.0,1078.0,1575.0,1622.0,1601.0,1585.89,1617.08
Comoros,190.0,190.0,190.0,190.0,190.0,190.0,190.0,190.0,190.0,190.0,190.0,190.0,190.0,190.0,187.0,191.0,199.0,176.0,186.0,187.0,194.0,198.0,173.0,174.0,141.0,130.0,142.0,133.0,130.0,131.0,131.0,0.0,0.0,0.0,0.0,0.0,0.0,0.0,0.0,0.0,0.0,0.0,0.0,0.0,0.0,26.0,13.0,8.0,43.0,19.0,55.0,29.0,17.0,75.0,119.0,205.0,235.0,1076.0,1088.0,1112.0,1126.2,1111.89
Congo,107.0,102.0,104.0,129.0,94.0,104.0,105.0,94.0,87.0,95.0,102.0,103.0,118.0,111.0,89.0,89.0,70.0,103.0,122.0,131.0,109.0,85.0,61.0,48.0,71.0,96.0,84.0,89.0,90.0,97.0,103.0,11.0,13.0,16.0,12.0,28.0,28.0,342.0,396.0,455.0,453.0,422.0,440.0,420.0,411.0,370.0,377.0,484.0,320.0,239.0,245.0,325.0,421.0,529.0,638.0,504.0,369.0,1280.0,1269.0,1265.0,1221.4,1197.89
Congo DR,324.0,324.0,324.0,324.0,324.0,324.0,59.0,59.0,67.0,77.0,67.0,54.0,78.0,78.0,60.0,70.0,86.0,111.0,128.0,116.0,101.0,81.0,57.0,60.0,49.0,43.0,51.0,56.0,60.0,66.0,70.0,0.0,0.0,0.0,0.0,0.0,0.0,493.0,493.0,499.0,508.0,509.0,550.0,527.0,536.0,502.0,454.0,410.0,248.0,211.0,276.0,355.0,439.0,548.0,580.0,630.0,715.0,1420.0,1389.0,1386.0,1369.53,1338.61
Cook Islands,153.0,153.0,153.0,153.0,153.0,172.0,175.0,182.0,170.0,179.0,182.0,190.0,191.0,194.0,198.0,200.0,188.0,184.0,188.0,195.0,200.0,205.0,206.0,167.0,191.0,194.0,190.0,153.0,153.0,190.0,189.0,0.0,0.0,0.0,0.0,0.0,7.0,83.0,73.0,157.0,143.0,120.0,99.0,91.0,65.0,3.0,2.0,34.0,34.0,17.0,28.0,16.0,5.0,4.0,128.0,64.0,38.0,908.0,0.0,0.0,899.33,899.33
Costa Rica,39.0,39.0,72.0,80.0,66.0,46.0,69.0,64.0,56.0,30.0,21.0,17.0,27.0,21.0,66.0,69.0,47.0,45.0,69.0,62.0,66.0,32.0,16.0,37.0,17.0,27.0,37.0,46.0,50.0,42.0,39.0,38.0,38.0,27.0,27.0,37.0,48.0,454.0,481.0,539.0,635.0,651.0,682.0,668.0,700.0,460.0,467.0,606.0,699.0,467.0,522.0,515.0,743.0,995.0,759.0,1041.0,831.0,1461.0,1439.0,1427.0,1464.06,1491.12
Croatia,117.0,122.0,64.0,41.0,25.0,16.0,3.0,9.0,18.0,19.0,32.0,20.0,23.0,20.0,15.0,10.0,7.0,11.0,9.0,8.0,10.0,16.0,19.0,18.0,14.0,15.0,4.0,6.0,11.0,15.0,7.0,9.0,8.0,30.0,40.0,51.0,57.0,745.0,713.0,655.0,668.0,629.0,673.0,676.0,701.0,948.0,1129.0,1142.0,1053.0,1075.0,1091.0,1064.0,971.0,946.0,958.0,1103.0,1048.0,1634.0,1642.0,1617.0,1620.74,1730.02
Cuba,151.0,263.0,131.0,93.0,71.0,90.0,109.0,77.0,77.0,75.0,72.0,74.0,72.0,75.0,48.0,71.0,77.0,125.0,62.0,113.0,88.0,100.0,113.0,136.0,154.0,181.0,174.0,179.0,180.0,179.0,165.0,1.0,0.0,11.0,21.0,36.0,34.0,323.0,441.0,475.0,509.0,496.0,515.0,549.0,546.0,619.0,445.0,425.0,191.0,512.0,290.0,399.0,334.0,271.0,259.0,175.0,88.0,963.0,936.0,936.0,948.96,986.2
Curacao,129.0,129.0,129.0,129.0,129.0,129.0,129.0,129.0,129.0,129.0,129.0,129.0,129.0,129.0,129.0,129.0,129.0,129.0,150.0,152.0,177.0,178.0,158.0,150.0,75.0,84.0,81.0,80.0,76.0,84.0,88.0,0.0,0.0,0.0,0.0,0.0,0.0,0.0,0.0,0.0,0.0,0.0,0.0,0.0,0.0,0.0,0.0,0.0,0.0,107.0,146.0,65.0,65.0,125.0,192.0,467.0,407.0,1306.0,0.0,0.0,1293.35,0.0
Curaçao,192.0,192.0,192.0,192.0,192.0,192.0,192.0,192.0,192.0,192.0,192.0,192.0,192.0,192.0,192.0,192.0,192.0,192.0,150.0,152.0,177.0,178.0,158.0,150.0,75.0,71.0,80.0,80.0,76.0,80.0,88.0,0.0,0.0,0.0,0.0,0.0,0.0,0.0,0.0,0.0,0.0,0.0,0.0,0.0,0.0,0.0,0.0,0.0,0.0,0.0,0.0,0.0,0.0,0.0,0.0,0.0,439.0,1313.0,1313.0,1313.0,1298.39,1272.26
Cyprus,72.0,75.0,70.0,75.0,77.0,80.0,64.0,63.0,62.0,79.0,83.0,98.0,109.0,97.0,74.0,65.0,94.0,68.0,89.0,126.0,131.0,125.0,86.0,80.0,116.0,92.0,87.0,95.0,100.0,105.0,111.0,25.0,24.0,27.0,29.0,34.0,37.0,478.0,488.0,520.0,500.0,477.0,454.0,442.0,472.0,428.0,493.0,376.0,471.0,367.0,253.0,248.0,229.0,372.0,441.0,290.0,373.0,1276.0,1251.0,1224.0,1178.65,1179.45
Czech Republic,387.0,67.0,34.0,14.0,6.0,3.0,7.0,2.0,4.0,14.0,15.0,6.0,4.0,2.0,10.0,6.0,11.0,25.0,30.0,31.0,29.0,28.0,17.0,26.0,43.0,48.0,44.0,45.0,42.0,31.0,387.0,0.0,24.0,40.0,54.0,61.0,65.0,726.0,774.0,742.0,689.0,687.0,742.0,777.0,796.0,1190.0,1290.0,1007.0,828.0,751.0,749.0,781.0,766.0,987.0,860.0,671.0,677.0,1435.0,1446.0,1456.0,1510.42,0.0
Czechia,92.0,92.0,92.0,92.0,92.0,92.0,92.0,92.0,92.0,92.0,92.0,92.0,92.0,92.0,92.0,92.0,92.0,92.0,92.0,92.0,92.0,92.0,92.0,92.0,92.0,92.0,92.0,92.0,92.0,35.0,38.0,0.0,0.0,0.0,0.0,0.0,0.0,0.0,0.0,0.0,0.0,0.0,0.0,0.0,0.0,0.0,0.0,0.0,0.0,0.0,0.0,0.0,0.0,0.0,0.0,0.0,0.0,0.0,0.0,0.0,1492.21,1495.04
Czechoslovakia,15.0,2.0,2.0,2.0,2.0,2.0,2.0,2.0,2.0,2.0,2.0,2.0,2.0,2.0,2.0,2.0,2.0,2.0,2.0,2.0,2.0,2.0,2.0,2.0,2.0,2.0,2.0,2.0,2.0,2.0,2.0,50.0,0.0,0.0,0.0,0.0,0.0,0.0,0.0,0.0,0.0,0.0,0.0,0.0,0.0,0.0,0.0,0.0,0.0,0.0,0.0,0.0,0.0,0.0,0.0,0.0,0.0,0.0,0.0,0.0,0.0,0.0
Côte d'Ivoire,29.0,31.0,28.0,21.0,47.0,45.0,40.0,49.0,51.0,44.0,66.0,70.0,41.0,42.0,18.0,38.0,27.0,22.0,21.0,18.0,14.0,17.0,28.0,19.0,34.0,61.0,66.0,61.0,61.0,51.0,45.0,43.0,42.0,46.0,51.0,44.0,48.0,553.0,529.0,550.0,596.0,510.0,522.0,610.0,626.0,919.0,688.0,785.0,865.0,845.0,889.0,996.0,912.0,833.0,950.0,733.0,544.0,1356.0,1378.0,1384.0,1439.62,1449.95
Denmark,10.0,4.0,15.0,10.0,4.0,24.0,15.0,11.0,23.0,17.0,12.0,13.0,14.0,13.0,23.0,31.0,36.0,26.0,28.0,11.0,23.0,25.0,30.0,42.0,47.0,12.0,10.0,16.0,12.0,9.0,19.0,53.0,57.0,53.0,55.0,61.0,55.0,648.0,696.0,625.0,672.0,707.0,714.0,711.0,733.0,865.0,797.0,716.0,827.0,790.0,1032.0,819.0,831.0,804.0,685.0,643.0,1099.0,1589.0,1598.0,1614.0,1654.54,1594.53
Djibouti,179.0,179.0,179.0,179.0,179.0,189.0,190.0,195.0,189.0,191.0,195.0,197.0,201.0,200.0,175.0,173.0,186.0,193.0,192.0,198.0,203.0,204.0,206.0,179.0,194.0,187.0,197.0,184.0,184.0,192.0,193.0,0.0,0.0,0.0,0.0,0.0,1.0,17.0,21.0,80.0,75.0,63.0,54.0,42.0,46.0,53.0,64.0,41.0,23.0,15.0,23.0,11.0,6.0,4.0,0.0,53.0,64.0,896.0,919.0,919.0,896.62,875.05
Dominica,200.0,200.0,166.0,158.0,140.0,139.0,144.0,148.0,152.0,160.0,176.0,185.0,166.0,172.0,181.0,188.0,192.0,182.0,129.0,171.0,161.0,167.0,184.0,176.0,174.0,168.0,178.0,184.0,184.0,183.0,186.0,0.0,0.0,1.0,6.0,12.0,16.0,189.0,178.0,222.0,204.0,159.0,117.0,218.0,171.0,31.0,21.0,25.0,38.0,196.0,100.0,124.0,95.0,52.0,107.0,113.0,110.0,950.0,919.0,919.0,916.72,904.88
Dominican Republic,148.0,152.0,161.0,159.0,130.0,146.0,154.0,155.0,157.0,161.0,152.0,172.0,170.0,174.0,136.0,164.0,187.0,190.0,167.0,129.0,94.0,114.0,105.0,160.0,130.0,160.0,154.0,158.0,159.0,156.0,151.0,2.0,1.0,2.0,5.0,17.0,13.0,149.0,165.0,207.0,204.0,232.0,181.0,195.0,157.0,157.0,83.0,40.0,26.0,66.0,247.0,378.0,282.0,310.0,150.0,242.0,121.0,1036.0,1019.0,1018.0,1029.42,1038.13
Ecuador,35.0,48.0,58.0,57.0,35.0,31.0,61.0,65.0,53.0,38.0,31.0,37.0,39.0,38.0,29.0,52.0,39.0,35.0,52.0,42.0,12.0,23.0,26.0,13.0,20.0,68.0,58.0,63.0,57.0,44.0,41.0,40.0,34.0,32.0,37.0,46.0,53.0,485.0,476.0,542.0,613.0,634.0,615.0,616.0,647.0,822.0,581.0,697.0,753.0,542.0,634.0,1007.0,852.0,852.0,1040.0,890.0,508.0,1382.0,1368.0,1409.0,1458.63,1478.13
Egypt,26.0,22.0,28.0,22.0,32.0,26.0,32.0,38.0,30.0,41.0,39.0,32.0,33.0,32.0,19.0,35.0,15.0,10.0,10.0,36.0,54.0,31.0,60.0,58.0,35.0,30.0,57.0,51.0,49.0,34.0,35.0,44.0,46.0,46.0,50.0,47.0,55.0,578.0,558.0,599.0,601.0,596.0,635.0,648.0,666.0,918.0,733.0,974.0,1069.0,1036.0,698.0,566.0,748.0,531.0,585.0,726.0,814.0,1393.0,1420.0,1432.0,1497.05,1500.67
El Salvador,62.0,66.0,83.0,73.0,74.0,65.0,85.0,95.0,83.0,86.0,99.0,96.0,108.0,125.0,156.0,135.0,110.0,71.0,116.0,64.0,96.0,88.0,90.0,99.0,138.0,90.0,73.0,69.0,70.0,70.0,75.0,30.0,28.0,23.0,30.0,35.0,40.0,414.0,396.0,460.0,469.0,426.0,460.0,446.0,357.0,91.0,188.0,315.0,463.0,251.0,506.0,374.0,395.0,358.0,344.0,216.0,383.0,1327.0,1346.0,1344.0,1346.04,1318.3
England,11.0,12.0,20.0,24.0,12.0,5.0,11.0,12.0,17.0,10.0,8.0,8.0,8.0,9.0,6.0,12.0,8.0,9.0,6.0,5.0,6.0,13.0,13.0,9.0,13.0,16.0,5.0,4.0,4.0,5.0,5.0,53.0,54.0,52.0,49.0,56.0,61.0,697.0,695.0,657.0,712.0,734.0,738.0,751.0,757.0,1359.0,1113.0,1115.0,1076.0,1195.0,1173.0,1151.0,1041.0,1032.0,1106.0,1114.0,1047.0,1631.0,1661.0,1670.0,1755.52,1792.43
Equatorial Guinea,237.0,237.0,237.0,237.0,237.0,190.0,191.0,188.0,187.0,190.0,192.0,160.0,171.0,173.0,108.0,84.0,122.0,138.0,164.0,151.0,73.0,108.0,118.0,69.0,115.0,141.0,148.0,145.0,134.0,99.0,94.0,0.0,0.0,0.0,0.0,0.0,1.0,17.0,48.0,90.0,78.0,82.0,227.0,193.0,168.0,262.0,387.0,257.0,152.0,72.0,147.0,469.0,309.0,260.0,504.0,293.0,202.0,1063.0,1066.0,1097.0,1210.07,1232.78
Eritrea,208.0,208.0,208.0,208.0,208.0,189.0,189.0,168.0,158.0,168.0,159.0,155.0,169.0,169.0,139.0,134.0,160.0,162.0,178.0,189.0,195.0,200.0,202.0,208.0,208.0,204.0,204.0,205.0,205.0,202.0,200.0,0.0,0.0,0.0,0.0,0.0,1.0,26.0,118.0,196.0,186.0,205.0,250.0,206.0,182.0,146.0,203.0,108.0,92.0,40.0,45.0,24.0,11.0,8.0,0.0,0.0,811.0,868.0,856.0,856.0,855.56,855.56
Estonia,118.0,109.0,119.0,131.0,104.0,101.0,92.0,69.0,68.0,84.0,62.0,67.0,80.0,76.0,106.0,124.0,118.0,104.0,86.0,52.0,83.0,93.0,83.0,90.0,117.0,88.0,96.0,104.0,108.0,106.0,108.0,8.0,11.0,12.0,12.0,26.0,30.0,382.0,462.0,499.0,476.0,525.0,528.0,525.0,543.0,279.0,231.0,260.0,315.0,386.0,573.0,433.0,366.0,382.0,379.0,289.0,399.0,1246.0,1202.0,1180.0,1176.5,1182.5
Eswatini,102.0,100.0,128.0,149.0,160.0,143.0,152.0,129.0,129.0,133.0,119.0,116.0,128.0,134.0,151.0,210.0,210.0,134.0,210.0,210.0,210.0,210.0,210.0,210.0,210.0,210.0,143.0,153.0,153.0,147.0,144.0,12.0,13.0,11.0,8.0,6.0,15.0,154.0,253.0,295.0,323.0,381.0,404.0,378.0,322.0,108.0,0.0,0.0,161.0,0.0,0.0,0.0,0.0,0.0,0.0,0.0,0.0,1074.0,1042.0,1040.0,1054.14,1069.89
Ethiopia,95.0,95.0,97.0,106.0,109.0,129.0,136.0,143.0,135.0,138.0,138.0,129.0,131.0,112.0,91.0,90.0,102.0,121.0,124.0,133.0,110.0,95.0,109.0,118.0,112.0,137.0,151.0,146.0,146.0,138.0,142.0,14.0,15.0,19.0,18.0,23.0,20.0,212.0,188.0,282.0,296.0,299.0,351.0,368.0,399.0,356.0,366.0,348.0,204.0,231.0,230.0,316.0,361.0,294.0,291.0,297.0,213.0,1049.0,1061.0,1066.0,1081.24,1072.99
FYR Macedonia,219.0,147.0,90.0,91.0,85.0,92.0,58.0,68.0,71.0,88.0,86.0,92.0,93.0,87.0,54.0,60.0,56.0,64.0,81.0,103.0,80.0,84.0,101.0,138.0,162.0,73.0,71.0,219.0,219.0,219.0,219.0,0.0,3.0,21.0,22.0,32.0,34.0,492.0,469.0,488.0,465.0,470.0,472.0,497.0,502.0,545.0,556.0,533.0,495.0,418.0,335.0,436.0,425.0,327.0,257.0,142.0,446.0,1343.0,0.0,0.0,0.0,0.0
Faroe Islands,111.0,114.0,136.0,122.0,136.0,116.0,110.0,112.0,118.0,118.0,117.0,126.0,132.0,132.0,181.0,193.0,185.0,118.0,134.0,114.0,153.0,170.0,103.0,96.0,82.0,97.0,97.0,110.0,107.0,124.0,125.0,11.0,10.0,8.0,15.0,15.0,24.0,318.0,330.0,335.0,374.0,383.0,367.0,367.0,324.0,31.0,12.0,42.0,222.0,171.0,285.0,151.0,87.0,317.0,357.0,422.0,364.0,1238.0,1181.0,1183.0,1136.99,1138.98
Fiji,116.0,106.0,120.0,140.0,158.0,147.0,122.0,135.0,141.0,123.0,140.0,149.0,137.0,135.0,154.0,131.0,106.0,129.0,151.0,161.0,169.0,182.0,192.0,186.0,180.0,168.0,169.0,163.0,164.0,162.0,168.0,9.0,12.0,12.0,9.0,7.0,12.0,275.0,227.0,251.0,349.0,290.0,286.0,353.0,317.0,107.0,208.0,333.0,167.0,103.0,133.0,85.0,47.0,30.0,68.0,102.0,110.0,981.0,996.0,996.0,996.27,980.48
Finland,47.0,41.0,46.0,50.0,78.0,62.0,53.0,56.0,60.0,46.0,43.0,40.0,43.0,46.0,52.0,37.0,55.0,54.0,80.0,85.0,84.0,66.0,70.0,44.0,93.0,68.0,59.0,58.0,55.0,57.0,56.0,34.0,37.0,37.0,38.0,33.0,42.0,512.0,508.0,529.0,590.0,580.0,610.0,607.0,614.0,569.0,697.0,535.0,576.0,419.0,405.0,431.0,539.0,468.0,663.0,368.0,508.0,1375.0,1386.0,1411.0,1411.77,1405.31
France,12.0,14.0,18.0,13.0,3.0,6.0,2.0,3.0,2.0,1.0,2.0,2.0,2.0,5.0,4.0,7.0,11.0,7.0,18.0,15.0,17.0,20.0,7.0,25.0,7.0,9.0,2.0,2.0,2.0,3.0,2.0,52.0,52.0,52.0,54.0,62.0,59.0,787.0,765.0,801.0,812.0,787.0,826.0,791.0,768.0,1523.0,1243.0,1007.0,1117.0,867.0,915.0,949.0,893.0,1160.0,868.0,1305.0,1183.0,1726.0,1733.0,1755.0,1786.15,1838.45
Gabon,64.0,62.0,67.0,45.0,55.0,66.0,83.0,72.0,91.0,101.0,122.0,112.0,112.0,104.0,96.0,103.0,62.0,44.0,40.0,91.0,49.0,85.0,62.0,77.0,108.0,93.0,85.0,83.0,86.0,82.0,82.0,29.0,29.0,28.0,39.0,41.0,40.0,419.0,456.0,442.0,438.0,358.0,407.0,438.0,459.0,326.0,332.0,512.0,706.0,640.0,387.0,588.0,421.0,527.0,468.0,313.0,372.0,1277.0,1297.0,1280.0,1290.65,1296.74
Gambia,154.0,125.0,111.0,118.0,128.0,121.0,139.0,152.0,154.0,154.0,144.0,137.0,154.0,164.0,135.0,111.0,75.0,98.0,105.0,118.0,143.0,138.0,168.0,165.0,177.0,163.0,166.0,159.0,157.0,125.0,120.0,1.0,8.0,14.0,15.0,18.0,22.0,200.0,174.0,216.0,235.0,275.0,321.0,260.0,205.0,163.0,291.0,446.0,333.0,290.0,271.0,197.0,184.0,90.0,135.0,106.0,120.0,986.0,1015.0,1034.0,1135.18,0.0
Georgia,282.0,129.0,98.0,79.0,96.0,55.0,54.0,66.0,66.0,58.0,92.0,93.0,106.0,105.0,95.0,76.0,108.0,122.0,72.0,76.0,72.0,102.0,126.0,120.0,121.0,104.0,91.0,91.0,89.0,86.0,77.0,0.0,8.0,18.0,27.0,28.0,45.0,512.0,475.0,508.0,552.0,456.0,469.0,455.0,458.0,327.0,414.0,328.0,202.0,449.0,451.0,481.0,330.0,239.0,286.0,281.0,322.0,1269.0,1267.0,1267.0,1269.24,1311.51
Germany,1.0,1.0,5.0,2.0,2.0,2.0,5.0,5.0,11.0,12.0,4.0,12.0,16.0,17.0,5.0,5.0,2.0,6.0,3.0,3.0,2.0,2.0,1.0,4.0,3.0,1.0,16.0,15.0,13.0,11.0,14.0,58.0,59.0,61.0,62.0,64.0,65.0,742.0,739.0,705.0,707.0,765.0,729.0,710.0,707.0,1363.0,1305.0,1389.0,1173.0,1485.0,1345.0,1437.0,1318.0,1725.0,1347.0,1433.0,1602.0,1558.0,1602.0,1610.0,1648.33,1647.42
Ghana,48.0,35.0,25.0,19.0,38.0,54.0,41.0,50.0,58.0,61.0,59.0,79.0,77.0,50.0,28.0,43.0,25.0,27.0,16.0,26.0,26.0,24.0,37.0,33.0,54.0,50.0,52.0,46.0,52.0,61.0,60.0,34.0,39.0,47.0,52.0,46.0,45.0,547.0,526.0,531.0,549.0,529.0,508.0,528.0,608.0,828.0,660.0,813.0,823.0,925.0,779.0,788.0,851.0,714.0,776.0,610.0,659.0,1412.0,1439.0,1424.0,1381.45,1396.01
Gibraltar,151.0,151.0,151.0,151.0,151.0,151.0,151.0,151.0,151.0,151.0,151.0,151.0,151.0,151.0,151.0,151.0,151.0,151.0,151.0,151.0,151.0,151.0,151.0,151.0,151.0,196.0,194.0,196.0,195.0,203.0,201.0,0.0,0.0,0.0,0.0,0.0,0.0,0.0,0.0,0.0,0.0,0.0,0.0,0.0,0.0,0.0,0.0,0.0,0.0,0.0,0.0,0.0,0.0,0.0,0.0,0.0,34.0,905.0,879.0,888.0,853.6,854.72
Greece,32.0,32.0,26.0,37.0,40.0,42.0,46.0,34.0,43.0,57.0,48.0,30.0,18.0,16.0,16.0,11.0,20.0,12.0,11.0,14.0,11.0,12.0,24.0,41.0,42.0,47.0,45.0,54.0,53.0,55.0,52.0,40.0,42.0,47.0,44.0,45.0,49.0,530.0,580.0,573.0,556.0,563.0,641.0,706.0,708.0,945.0,1114.0,872.0,1030.0,1016.0,964.0,1033.0,1055.0,856.0,706.0,674.0,680.0,1428.0,1409.0,1413.0,1421.99,1433.01
Grenada,138.0,138.0,145.0,142.0,127.0,109.0,124.0,122.0,144.0,135.0,132.0,154.0,148.0,152.0,163.0,176.0,123.0,133.0,94.0,132.0,139.0,134.0,155.0,163.0,158.0,159.0,173.0,159.0,160.0,169.0,175.0,4.0,5.0,6.0,9.0,18.0,26.0,266.0,271.0,244.0,312.0,316.0,251.0,319.0,249.0,78.0,45.0,253.0,158.0,349.0,241.0,222.0,194.0,137.0,139.0,150.0,125.0,968.0,1015.0,1015.0,974.03,960.4
Guam,177.0,177.0,177.0,177.0,177.0,177.0,197.0,200.0,199.0,199.0,200.0,201.0,205.0,204.0,177.0,177.0,188.0,184.0,188.0,192.0,181.0,162.0,161.0,156.0,182.0,192.0,192.0,199.0,199.0,206.0,206.0,0.0,0.0,0.0,0.0,0.0,0.0,5.0,4.0,29.0,25.0,21.0,19.0,15.0,20.0,0.0,0.0,34.0,34.0,17.0,36.0,53.0,123.0,119.0,169.0,89.0,43.0,907.0,873.0,873.0,838.33,838.33
Guatemala,112.0,123.0,152.0,123.0,106.0,71.0,76.0,73.0,57.0,59.0,80.0,78.0,68.0,56.0,105.0,105.0,109.0,131.0,117.0,89.0,87.0,112.0,73.0,93.0,78.0,128.0,149.0,130.0,130.0,123.0,116.0,10.0,8.0,4.0,15.0,25.0,39.0,440.0,454.0,532.0,550.0,480.0,510.0,554.0,585.0,282.0,323.0,325.0,164.0,247.0,400.0,412.0,286.0,458.0,368.0,451.0,242.0,1061.0,1106.0,1112.0,1138.4,1164.64
Guinea,65.0,64.0,56.0,74.0,57.0,61.0,71.0,91.0,82.0,109.0,121.0,102.0,88.0,77.0,22.0,33.0,38.0,90.0,46.0,79.0,61.0,61.0,39.0,49.0,70.0,66.0,68.0,74.0,72.0,81.0,79.0,28.0,29.0,33.0,30.0,40.0,43.0,449.0,406.0,470.0,413.0,365.0,443.0,514.0,541.0,881.0,765.0,710.0,361.0,569.0,436.0,527.0,555.0,706.0,624.0,507.0,510.0,1354.0,1328.0,1334.0,1292.58,1305.92
Guinea-Bissau,133.0,132.0,124.0,120.0,133.0,150.0,162.0,173.0,177.0,174.0,183.0,186.0,191.0,186.0,192.0,171.0,188.0,195.0,147.0,162.0,174.0,184.0,133.0,147.0,68.0,83.0,118.0,118.0,119.0,113.0,113.0,5.0,7.0,11.0,15.0,15.0,12.0,124.0,93.0,126.0,150.0,118.0,116.0,91.0,109.0,18.0,72.0,38.0,19.0,121.0,121.0,66.0,42.0,218.0,207.0,515.0,409.0,1158.0,1155.0,1146.0,1158.62,1172.3
Guyana,134.0,136.0,155.0,163.0,153.0,169.0,166.0,171.0,183.0,177.0,171.0,183.0,182.0,167.0,100.0,129.0,129.0,126.0,111.0,92.0,122.0,151.0,167.0,161.0,134.0,164.0,177.0,166.0,167.0,175.0,170.0,5.0,5.0,4.0,3.0,8.0,6.0,102.0,107.0,105.0,147.0,167.0,134.0,145.0,185.0,303.0,210.0,231.0,186.0,275.0,386.0,267.0,149.0,92.0,144.0,221.0,117.0,951.0,988.0,988.0,958.87,975.81
Haiti,139.0,145.0,134.0,153.0,113.0,127.0,119.0,99.0,84.0,82.0,73.0,93.0,92.0,100.0,92.0,73.0,100.0,95.0,90.0,80.0,38.0,79.0,73.0,79.0,69.0,87.0,103.0,86.0,84.0,87.0,87.0,3.0,3.0,9.0,7.0,22.0,20.0,280.0,384.0,459.0,491.0,495.0,469.0,501.0,465.0,346.0,438.0,357.0,347.0,358.0,433.0,650.0,440.0,458.0,453.0,512.0,403.0,1219.0,1285.0,1285.0,1268.05,1275.96
Honduras,41.0,40.0,53.0,55.0,46.0,64.0,77.0,71.0,46.0,25.0,40.0,47.0,59.0,41.0,56.0,54.0,40.0,34.0,56.0,51.0,59.0,43.0,72.0,98.0,75.0,67.0,63.0,62.0,64.0,78.0,80.0,37.0,38.0,34.0,37.0,44.0,41.0,437.0,458.0,557.0,650.0,591.0,564.0,574.0,628.0,538.0,578.0,689.0,759.0,531.0,579.0,543.0,692.0,460.0,349.0,467.0,509.0,1369.0,1377.0,1367.0,1303.96,1300.38
Hong Kong,103.0,97.0,108.0,110.0,135.0,133.0,131.0,119.0,123.0,140.0,153.0,142.0,134.0,117.0,117.0,125.0,152.0,137.0,146.0,168.0,163.0,137.0,156.0,136.0,140.0,144.0,140.0,143.0,143.0,148.0,211.0,12.0,14.0,15.0,17.0,15.0,19.0,225.0,288.0,311.0,290.0,226.0,310.0,361.0,383.0,225.0,228.0,139.0,153.0,128.0,109.0,111.0,185.0,134.0,259.0,210.0,189.0,1078.0,1072.0,1072.0,1053.39,0.0
"Hong Kong, China",37.0,37.0,37.0,37.0,37.0,37.0,37.0,37.0,37.0,37.0,37.0,37.0,37.0,37.0,37.0,37.0,37.0,37.0,37.0,37.0,37.0,37.0,37.0,37.0,37.0,37.0,37.0,37.0,37.0,37.0,147.0,0.0,0.0,0.0,0.0,0.0,0.0,0.0,0.0,0.0,0.0,0.0,0.0,0.0,0.0,0.0,0.0,0.0,0.0,0.0,0.0,0.0,0.0,0.0,0.0,0.0,0.0,0.0,0.0,0.0,0.0,1057.03
Hungary,42.0,49.0,63.0,64.0,76.0,84.0,45.0,46.0,48.0,67.0,58.0,72.0,63.0,70.0,61.0,50.0,47.0,52.0,41.0,37.0,32.0,46.0,45.0,20.0,26.0,54.0,52.0,52.0,40.0,41.0,33.0,37.0,34.0,31.0,33.0,34.0,37.0,533.0,533.0,556.0,537.0,532.0,516.0,562.0,552.0,494.0,594.0,606.0,615.0,632.0,665.0,750.0,668.0,632.0,945.0,826.0,630.0,1412.0,1416.0,1460.0,1465.62,1504.24
IR Iran,54.0,57.0,79.0,111.0,81.0,47.0,47.0,43.0,37.0,29.0,34.0,28.0,20.0,19.0,37.0,41.0,46.0,63.0,65.0,44.0,60.0,34.0,51.0,43.0,29.0,34.0,22.0,33.0,29.0,21.0,24.0,32.0,30.0,25.0,17.0,33.0,47.0,530.0,535.0,585.0,641.0,627.0,649.0,695.0,703.0,720.0,663.0,613.0,499.0,491.0,623.0,537.0,727.0,588.0,672.0,816.0,797.0,1516.0,1489.0,1496.0,1572.89,1553.23
Iceland,53.0,45.0,39.0,53.0,62.0,77.0,60.0,44.0,52.0,52.0,61.0,56.0,94.0,95.0,93.0,87.0,80.0,94.0,113.0,104.0,89.0,49.0,33.0,36.0,21.0,20.0,38.0,39.0,46.0,60.0,64.0,32.0,36.0,38.0,38.0,38.0,38.0,488.0,535.0,545.0,569.0,527.0,548.0,494.0,482.0,335.0,380.0,421.0,349.0,261.0,325.0,392.0,624.0,761.0,761.0,889.0,959.0,1451.0,1465.0,1438.0,1382.81,1369.03
India,129.0,101.0,116.0,124.0,121.0,112.0,116.0,106.0,122.0,121.0,125.0,138.0,133.0,118.0,157.0,144.0,142.0,130.0,144.0,158.0,166.0,156.0,171.0,163.0,129.0,102.0,103.0,108.0,104.0,104.0,101.0,6.0,13.0,13.0,14.0,20.0,26.0,294.0,358.0,315.0,362.0,342.0,318.0,365.0,381.0,90.0,152.0,168.0,166.0,132.0,138.0,100.0,141.0,79.0,139.0,243.0,333.0,1219.0,1187.0,1187.0,1182.75,1200.66
Indonesia,98.0,104.0,138.0,132.0,120.0,91.0,108.0,89.0,97.0,87.0,84.0,91.0,91.0,110.0,149.0,132.0,144.0,136.0,125.0,143.0,156.0,161.0,159.0,180.0,173.0,160.0,159.0,173.0,173.0,160.0,149.0,14.0,12.0,8.0,11.0,21.0,34.0,325.0,410.0,427.0,467.0,476.0,475.0,505.0,417.0,111.0,207.0,167.0,155.0,226.0,183.0,145.0,124.0,122.0,84.0,120.0,121.0,1003.0,964.0,964.0,1001.61,1046.14
Iraq,57.0,67.0,96.0,109.0,98.0,70.0,99.0,78.0,81.0,72.0,52.0,43.0,44.0,54.0,82.0,67.0,85.0,86.0,98.0,73.0,89.0,115.0,114.0,87.0,119.0,82.0,80.0,70.0,69.0,74.0,67.0,31.0,28.0,19.0,17.0,27.0,39.0,357.0,440.0,471.0,515.0,554.0,594.0,600.0,597.0,394.0,474.0,412.0,375.0,334.0,457.0,392.0,280.0,269.0,395.0,283.0,410.0,1310.0,1344.0,1348.0,1325.44,1347.84
Israel,69.0,56.0,40.0,42.0,52.0,63.0,38.0,26.0,41.0,49.0,46.0,50.0,49.0,44.0,44.0,26.0,19.0,27.0,50.0,37.0,76.0,63.0,32.0,71.0,55.0,99.0,92.0,93.0,87.0,77.0,78.0,26.0,31.0,38.0,40.0,42.0,41.0,562.0,609.0,578.0,583.0,568.0,556.0,595.0,621.0,667.0,852.0,877.0,823.0,551.0,665.0,454.0,548.0,788.0,498.0,595.0,355.0,1265.0,1260.0,1279.0,1306.7,1307.41
Italy,2.0,7.0,3.0,3.0,10.0,14.0,4.0,14.0,5.0,6.0,13.0,10.0,10.0,12.0,2.0,3.0,4.0,4.0,14.0,9.0,4.0,7.0,11.0,15.0,16.0,14.0,18.0,13.0,10.0,6.0,8.0,57.0,57.0,62.0,61.0,57.0,58.0,745.0,685.0,742.0,734.0,705.0,733.0,738.0,741.0,1560.0,1498.0,1326.0,1209.0,965.0,1082.0,1165.0,1120.0,1103.0,991.0,1083.0,1052.0,1539.0,1607.0,1625.0,1740.77,1713.66
Jamaica,83.0,81.0,84.0,58.0,30.0,33.0,39.0,41.0,47.0,53.0,51.0,46.0,47.0,42.0,57.0,98.0,66.0,78.0,59.0,52.0,58.0,81.0,75.0,55.0,77.0,55.0,54.0,48.0,47.0,62.0,63.0,19.0,20.0,22.0,36.0,48.0,53.0,561.0,539.0,557.0,567.0,555.0,569.0,598.0,626.0,527.0,345.0,494.0,403.0,522.0,573.0,552.0,439.0,449.0,590.0,463.0,625.0,1404.0,1437.0,1437.0,1378.62,1381.87
Japan,43.0,43.0,37.0,30.0,19.0,9.0,33.0,58.0,40.0,35.0,22.0,29.0,19.0,15.0,46.0,34.0,34.0,40.0,29.0,19.0,21.0,48.0,54.0,53.0,46.0,56.0,27.0,28.0,27.0,23.0,20.0,35.0,36.0,39.0,46.0,52.0,59.0,569.0,500.0,581.0,626.0,650.0,646.0,703.0,714.0,640.0,748.0,734.0,729.0,776.0,869.0,834.0,641.0,563.0,607.0,644.0,598.0,1495.0,1500.0,1502.0,1549.82,1588.59
Jordan,87.0,88.0,118.0,146.0,144.0,123.0,130.0,115.0,106.0,98.0,71.0,59.0,40.0,86.0,94.0,112.0,126.0,106.0,107.0,81.0,95.0,72.0,93.0,86.0,107.0,113.0,97.0,97.0,95.0,90.0,84.0,17.0,18.0,12.0,9.0,10.0,21.0,234.0,317.0,401.0,443.0,499.0,546.0,611.0,503.0,334.0,283.0,244.0,276.0,286.0,426.0,375.0,504.0,346.0,398.0,318.0,294.0,1238.0,1238.0,1243.0,1259.84,1293.26
Kazakhstan,246.0,153.0,156.0,162.0,156.0,108.0,112.0,125.0,120.0,99.0,120.0,135.0,149.0,137.0,142.0,108.0,133.0,123.0,137.0,139.0,142.0,128.0,139.0,132.0,98.0,135.0,117.0,118.0,122.0,120.0,112.0,0.0,4.0,4.0,4.0,7.0,27.0,311.0,265.0,323.0,442.0,373.0,327.0,313.0,314.0,139.0,308.0,210.0,201.0,161.0,220.0,200.0,216.0,205.0,266.0,354.0,220.0,1159.0,1155.0,1142.0,1140.71,1177.05
Kenya,88.0,74.0,85.0,100.0,107.0,93.0,96.0,103.0,104.0,104.0,79.0,76.0,75.0,90.0,128.0,119.0,84.0,112.0,125.0,121.0,127.0,109.0,117.0,101.0,87.0,105.0,106.0,107.0,104.0,103.0,102.0,17.0,24.0,22.0,20.0,25.0,33.0,366.0,373.0,408.0,431.0,481.0,514.0,533.0,487.0,180.0,257.0,413.0,244.0,225.0,260.0,256.0,304.0,262.0,339.0,396.0,317.0,1210.0,1199.0,1187.0,1202.26,1200.18
Korea DPR,61.0,63.0,88.0,121.0,145.0,170.0,156.0,172.0,142.0,139.0,127.0,119.0,97.0,82.0,133.0,127.0,116.0,85.0,109.0,107.0,99.0,135.0,150.0,113.0,125.0,119.0,121.0,116.0,115.0,108.0,115.0,30.0,29.0,22.0,15.0,10.0,6.0,143.0,106.0,250.0,294.0,336.0,399.0,480.0,520.0,169.0,225.0,287.0,378.0,284.0,312.0,363.0,188.0,157.0,301.0,263.0,269.0,1152.0,1170.0,1170.0,1169.96,1169.96
Korea Republic,36.0,42.0,33.0,49.0,41.0,20.0,35.0,52.0,42.0,42.0,20.0,22.0,21.0,29.0,51.0,41.0,42.0,49.0,39.0,30.0,34.0,53.0,69.0,51.0,37.0,59.0,38.0,40.0,38.0,29.0,27.0,40.0,37.0,42.0,38.0,45.0,56.0,568.0,522.0,578.0,599.0,669.0,664.0,689.0,680.0,574.0,663.0,628.0,634.0,649.0,752.0,687.0,581.0,487.0,617.0,699.0,569.0,1451.0,1464.0,1465.0,1522.85,1536.01
Kosovo,184.0,184.0,184.0,184.0,184.0,184.0,184.0,184.0,184.0,184.0,184.0,184.0,184.0,184.0,184.0,184.0,184.0,184.0,184.0,184.0,184.0,184.0,184.0,190.0,166.0,178.0,130.0,115.0,117.0,109.0,107.0,0.0,0.0,0.0,0.0,0.0,0.0,0.0,0.0,0.0,0.0,0.0,0.0,0.0,0.0,0.0,0.0,0.0,0.0,0.0,0.0,0.0,0.0,0.0,66.0,135.0,97.0,1113.0,1174.0,1155.0,1163.05,1186.26
Kuwait,60.0,65.0,57.0,85.0,69.0,44.0,49.0,82.0,72.0,76.0,82.0,56.0,55.0,73.0,76.0,115.0,118.0,92.0,99.0,95.0,120.0,106.0,125.0,141.0,168.0,174.0,158.0,147.0,148.0,143.0,143.0,30.0,28.0,33.0,24.0,36.0,48.0,525.0,428.0,483.0,509.0,479.0,548.0,584.0,547.0,417.0,280.0,260.0,358.0,330.0,372.0,276.0,311.0,241.0,242.0,123.0,100.0,1018.0,1060.0,1057.0,1065.56,1071.92
Kyrgyz Republic,229.0,165.0,168.0,172.0,169.0,141.0,150.0,159.0,174.0,164.0,173.0,157.0,152.0,159.0,138.0,138.0,159.0,158.0,175.0,191.0,198.0,146.0,152.0,107.0,124.0,116.0,95.0,96.0,96.0,96.0,96.0,0.0,1.0,1.0,1.0,4.0,16.0,156.0,147.0,137.0,201.0,162.0,243.0,293.0,235.0,149.0,180.0,112.0,103.0,50.0,42.0,20.0,155.0,146.0,324.0,265.0,282.0,1253.0,1240.0,1240.0,1228.69,1225.44
Laos,141.0,146.0,162.0,151.0,147.0,145.0,151.0,156.0,165.0,162.0,164.0,167.0,162.0,170.0,150.0,178.0,168.0,179.0,168.0,174.0,170.0,153.0,160.0,177.0,167.0,183.0,184.0,188.0,188.0,187.0,188.0,2.0,2.0,2.0,7.0,9.0,14.0,155.0,164.0,171.0,203.0,189.0,204.0,228.0,180.0,109.0,38.0,80.0,39.0,64.0,96.0,83.0,144.0,121.0,88.0,134.0,82.0,923.0,912.0,912.0,904.6,899.58
Latvia,89.0,87.0,74.0,60.0,84.0,76.0,66.0,62.0,93.0,105.0,81.0,53.0,66.0,66.0,90.0,85.0,70.0,49.0,76.0,70.0,104.0,116.0,96.0,102.0,110.0,131.0,131.0,137.0,136.0,135.0,132.0,17.0,18.0,26.0,35.0,33.0,38.0,471.0,488.0,438.0,430.0,480.0,551.0,560.0,560.0,357.0,386.0,484.0,634.0,440.0,466.0,334.0,272.0,339.0,338.0,304.0,233.0,1112.0,1079.0,1082.0,1100.03,1110.55
Lebanon,108.0,108.0,132.0,113.0,87.0,97.0,102.0,111.0,110.0,94.0,109.0,118.0,107.0,126.0,110.0,133.0,145.0,145.0,168.0,112.0,130.0,123.0,122.0,140.0,148.0,84.0,85.0,89.0,92.0,95.0,99.0,11.0,11.0,9.0,16.0,30.0,32.0,347.0,334.0,383.0,454.0,403.0,400.0,448.0,356.0,232.0,205.0,163.0,127.0,64.0,293.0,253.0,236.0,251.0,245.0,189.0,407.0,1277.0,1269.0,1263.0,1228.97,1202.74
Lesotho,146.0,137.0,137.0,150.0,162.0,137.0,149.0,154.0,131.0,134.0,133.0,122.0,141.0,146.0,160.0,154.0,161.0,149.0,170.0,153.0,160.0,138.0,124.0,152.0,142.0,145.0,146.0,139.0,143.0,146.0,150.0,2.0,5.0,8.0,7.0,6.0,17.0,173.0,170.0,289.0,322.0,314.0,385.0,335.0,267.0,81.0,113.0,106.0,120.0,62.0,144.0,127.0,184.0,245.0,186.0,202.0,188.0,1069.0,1074.0,1072.0,1057.62,1046.02
Liberia,99.0,126.0,115.0,83.0,100.0,96.0,103.0,105.0,89.0,73.0,90.0,110.0,124.0,135.0,112.0,144.0,139.0,160.0,159.0,123.0,111.0,97.0,115.0,103.0,101.0,133.0,150.0,152.0,152.0,145.0,148.0,12.0,8.0,13.0,25.0,27.0,32.0,345.0,370.0,448.0,511.0,461.0,417.0,384.0,317.0,230.0,152.0,179.0,98.0,82.0,258.0,312.0,354.0,268.0,337.0,338.0,224.0,1051.0,1047.0,1047.0,1058.28,1049.94
Libya,140.0,151.0,169.0,175.0,186.0,148.0,160.0,123.0,116.0,116.0,94.0,83.0,62.0,80.0,98.0,93.0,78.0,115.0,71.0,63.0,47.0,62.0,78.0,81.0,89.0,89.0,105.0,101.0,111.0,118.0,121.0,2.0,2.0,1.0,1.0,1.0,12.0,136.0,265.0,348.0,384.0,436.0,490.0,566.0,522.0,318.0,351.0,424.0,233.0,451.0,514.0,591.0,552.0,437.0,427.0,390.0,389.0,1217.0,1215.0,1177.0,1149.51,1145.82
Liechtenstein,216.0,158.0,157.0,156.0,154.0,161.0,135.0,126.0,147.0,152.0,149.0,148.0,144.0,123.0,159.0,118.0,151.0,153.0,148.0,130.0,154.0,156.0,132.0,165.0,188.0,182.0,181.0,180.0,181.0,191.0,199.0,0.0,1.0,3.0,6.0,7.0,8.0,213.0,257.0,242.0,242.0,258.0,287.0,330.0,366.0,84.0,260.0,147.0,110.0,116.0,246.0,146.0,141.0,219.0,135.0,75.0,86.0,937.0,926.0,924.0,899.52,855.77
Lithuania,84.0,85.0,61.0,47.0,49.0,48.0,48.0,51.0,86.0,97.0,104.0,103.0,100.0,102.0,68.0,61.0,50.0,62.0,55.0,93.0,116.0,103.0,91.0,127.0,105.0,147.0,132.0,131.0,129.0,137.0,146.0,19.0,19.0,31.0,39.0,43.0,47.0,526.0,524.0,457.0,447.0,418.0,440.0,472.0,463.0,455.0,554.0,583.0,522.0,532.0,382.0,284.0,326.0,355.0,274.0,324.0,179.0,1111.0,1089.0,1114.0,1091.77,1068.53
Luxembourg,110.0,111.0,127.0,99.0,124.0,140.0,127.0,124.0,139.0,145.0,150.0,153.0,155.0,151.0,186.0,149.0,121.0,124.0,132.0,127.0,148.0,122.0,127.0,142.0,133.0,84.0,87.0,98.0,98.0,93.0,91.0,11.0,11.0,11.0,20.0,19.0,16.0,250.0,265.0,266.0,261.0,254.0,256.0,259.0,256.0,27.0,127.0,259.0,195.0,180.0,252.0,172.0,243.0,230.0,237.0,230.0,407.0,1276.0,1236.0,1235.0,1236.45,1245.78
Macau,186.0,186.0,186.0,163.0,175.0,160.0,168.0,176.0,179.0,180.0,188.0,184.0,190.0,192.0,185.0,189.0,197.0,188.0,193.0,197.0,197.0,201.0,186.0,194.0,184.0,186.0,183.0,182.0,182.0,182.0,182.0,0.0,0.0,0.0,4.0,3.0,8.0,101.0,85.0,116.0,113.0,90.0,122.0,92.0,75.0,28.0,18.0,10.0,31.0,14.0,26.0,23.0,10.0,49.0,44.0,82.0,65.0,925.0,922.0,922.0,922.1,917.93
Madagascar,81.0,99.0,105.0,136.0,141.0,166.0,145.0,134.0,112.0,122.0,105.0,121.0,150.0,150.0,184.0,149.0,135.0,156.0,154.0,160.0,179.0,187.0,147.0,129.0,135.0,109.0,107.0,91.0,94.0,102.0,110.0,21.0,13.0,15.0,11.0,11.0,7.0,189.0,231.0,365.0,361.0,415.0,392.0,312.0,264.0,30.0,127.0,207.0,105.0,91.0,135.0,55.0,33.0,166.0,272.0,220.0,309.0,1209.0,1267.0,1257.0,1205.61,1181.21
Malawi,68.0,68.0,68.0,103.0,88.0,94.0,98.0,114.0,114.0,120.0,97.0,106.0,112.0,106.0,103.0,137.0,103.0,82.0,91.0,99.0,114.0,117.0,88.0,106.0,102.0,124.0,129.0,123.0,123.0,119.0,127.0,27.0,26.0,28.0,19.0,30.0,33.0,364.0,321.0,357.0,365.0,430.0,437.0,438.0,451.0,287.0,182.0,342.0,384.0,355.0,359.0,299.0,265.0,361.0,327.0,332.0,260.0,1115.0,1141.0,1140.0,1145.08,1134.64
Malaysia,75.0,84.0,95.0,107.0,97.0,89.0,113.0,117.0,108.0,112.0,107.0,114.0,114.0,124.0,157.0,164.0,158.0,159.0,142.0,148.0,158.0,154.0,154.0,171.0,161.0,175.0,167.0,154.0,153.0,154.0,138.0,22.0,20.0,19.0,18.0,27.0,35.0,306.0,307.0,390.0,397.0,407.0,406.0,432.0,358.0,90.0,83.0,114.0,100.0,145.0,157.0,134.0,143.0,139.0,126.0,143.0,99.0,985.0,1040.0,1040.0,1034.53,1082.13
Maldives,148.0,148.0,163.0,169.0,176.0,162.0,167.0,144.0,155.0,149.0,151.0,141.0,140.0,133.0,160.0,153.0,157.0,140.0,161.0,173.0,159.0,163.0,131.0,157.0,145.0,150.0,152.0,155.0,155.0,157.0,154.0,2.0,2.0,2.0,1.0,3.0,8.0,102.0,185.0,216.0,248.0,240.0,312.0,337.0,323.0,81.0,116.0,126.0,146.0,81.0,98.0,130.0,120.0,220.0,159.0,194.0,154.0,1046.0,1038.0,1038.0,1021.58,1024.72
Mali,74.0,61.0,55.0,59.0,60.0,69.0,79.0,70.0,98.0,108.0,74.0,51.0,51.0,62.0,36.0,47.0,43.0,53.0,68.0,69.0,25.0,40.0,49.0,63.0,64.0,71.0,65.0,56.0,54.0,48.0,53.0,24.0,29.0,34.0,36.0,39.0,40.0,430.0,460.0,424.0,419.0,489.0,552.0,589.0,569.0,731.0,622.0,626.0,598.0,474.0,476.0,807.0,703.0,603.0,552.0,544.0,477.0,1363.0,1389.0,1412.0,1446.49,1430.75
Malta,82.0,83.0,86.0,89.0,122.0,126.0,123.0,116.0,119.0,131.0,123.0,128.0,135.0,119.0,118.0,136.0,148.0,144.0,163.0,156.0,146.0,130.0,147.0,162.0,183.0,185.0,182.0,184.0,176.0,174.0,172.0,19.0,20.0,22.0,22.0,20.0,21.0,274.0,308.0,325.0,325.0,352.0,355.0,354.0,371.0,223.0,184.0,151.0,129.0,76.0,140.0,178.0,198.0,166.0,143.0,85.0,66.0,926.0,919.0,951.0,958.95,972.79
Mauritania,142.0,144.0,99.0,87.0,114.0,128.0,147.0,160.0,161.0,178.0,180.0,166.0,175.0,178.0,122.0,112.0,149.0,161.0,176.0,204.0,206.0,145.0,138.0,111.0,113.0,100.0,101.0,100.0,101.0,116.0,105.0,2.0,3.0,17.0,23.0,22.0,20.0,183.0,145.0,189.0,147.0,129.0,209.0,172.0,139.0,202.0,283.0,149.0,93.0,49.0,4.0,3.0,161.0,213.0,302.0,296.0,340.0,1222.0,1223.0,1207.0,1152.52,1194.28
Mauritius,123.0,133.0,139.0,154.0,151.0,153.0,140.0,118.0,117.0,124.0,128.0,120.0,143.0,144.0,144.0,164.0,169.0,178.0,191.0,194.0,202.0,177.0,190.0,172.0,147.0,157.0,156.0,172.0,172.0,176.0,180.0,8.0,7.0,8.0,6.0,9.0,11.0,200.0,293.0,344.0,344.0,334.0,394.0,333.0,283.0,131.0,83.0,74.0,40.0,16.0,32.0,13.0,66.0,36.0,120.0,191.0,134.0,1022.0,965.0,965.0,955.18,932.02
Mexico,14.0,17.0,9.0,8.0,11.0,4.0,12.0,10.0,12.0,9.0,9.0,7.0,7.0,7.0,21.0,15.0,26.0,17.0,27.0,21.0,15.0,21.0,20.0,23.0,18.0,17.0,17.0,11.0,9.0,12.0,15.0,50.0,51.0,59.0,56.0,57.0,62.0,690.0,706.0,691.0,714.0,732.0,740.0,753.0,767.0,883.0,982.0,811.0,947.0,795.0,866.0,994.0,892.0,913.0,898.0,1012.0,1032.0,1540.0,1621.0,1632.0,1647.9,1631.87
Moldova,253.0,149.0,110.0,108.0,117.0,135.0,107.0,93.0,95.0,103.0,114.0,108.0,116.0,107.0,85.0,53.0,97.0,96.0,84.0,135.0,128.0,96.0,123.0,154.0,164.0,166.0,170.0,175.0,177.0,181.0,171.0,0.0,3.0,14.0,17.0,21.0,18.0,341.0,398.0,430.0,437.0,386.0,433.0,428.0,441.0,382.0,579.0,373.0,338.0,411.0,229.0,255.0,359.0,250.0,172.0,138.0,112.0,979.0,959.0,950.0,926.85,972.91
Mongolia,185.0,185.0,185.0,185.0,185.0,185.0,195.0,199.0,197.0,187.0,193.0,179.0,185.0,179.0,181.0,177.0,193.0,170.0,182.0,169.0,179.0,181.0,194.0,201.0,198.0,189.0,188.0,190.0,190.0,184.0,183.0,0.0,0.0,0.0,0.0,0.0,0.0,6.0,6.0,35.0,94.0,81.0,141.0,120.0,137.0,31.0,44.0,24.0,61.0,32.0,106.0,55.0,49.0,29.0,6.0,38.0,55.0,915.0,906.0,906.0,916.68,911.74
Montenegro,289.0,289.0,289.0,289.0,289.0,289.0,289.0,289.0,289.0,289.0,289.0,289.0,289.0,289.0,186.0,172.0,113.0,72.0,25.0,50.0,31.0,52.0,59.0,85.0,63.0,46.0,46.0,64.0,63.0,72.0,69.0,0.0,0.0,0.0,0.0,0.0,0.0,0.0,0.0,0.0,0.0,0.0,0.0,0.0,0.0,21.0,65.0,310.0,456.0,824.0,585.0,756.0,594.0,537.0,403.0,549.0,681.0,1427.0,1365.0,1370.0,1342.89,1343.28
Montserrat,175.0,175.0,175.0,175.0,175.0,175.0,202.0,201.0,202.0,203.0,203.0,204.0,202.0,202.0,175.0,175.0,175.0,175.0,175.0,181.0,174.0,187.0,169.0,187.0,199.0,199.0,200.0,183.0,183.0,178.0,179.0,0.0,0.0,0.0,0.0,0.0,0.0,2.0,4.0,11.0,10.0,8.0,7.0,36.0,30.0,0.0,0.0,0.0,0.0,0.0,66.0,66.0,33.0,86.0,67.0,30.0,20.0,887.0,921.0,921.0,950.71,938.02
Morocco,33.0,28.0,35.0,33.0,28.0,13.0,19.0,25.0,28.0,36.0,35.0,38.0,34.0,35.0,42.0,39.0,41.0,65.0,77.0,61.0,74.0,74.0,82.0,76.0,57.0,39.0,43.0,43.0,33.0,24.0,11.0,40.0,44.0,40.0,44.0,48.0,59.0,632.0,613.0,610.0,619.0,623.0,614.0,646.0,660.0,684.0,676.0,640.0,492.0,437.0,523.0,461.0,486.0,393.0,469.0,587.0,748.0,1440.0,1456.0,1481.0,1547.42,1677.79
Mozambique,100.0,112.0,91.0,68.0,83.0,74.0,87.0,101.0,113.0,128.0,129.0,127.0,126.0,130.0,129.0,75.0,98.0,82.0,92.0,105.0,113.0,120.0,98.0,109.0,106.0,108.0,116.0,106.0,106.0,117.0,119.0,12.0,11.0,21.0,31.0,33.0,39.0,413.0,380.0,363.0,334.0,334.0,366.0,379.0,336.0,174.0,419.0,372.0,384.0,353.0,319.0,308.0,256.0,332.0,316.0,322.0,310.0,1167.0,1200.0,1185.0,1151.0,1154.64
Myanmar,106.0,110.0,125.0,116.0,105.0,117.0,118.0,127.0,124.0,153.0,148.0,140.0,147.0,148.0,145.0,155.0,156.0,141.0,149.0,172.0,162.0,129.0,141.0,158.0,159.0,140.0,138.0,136.0,137.0,152.0,160.0,11.0,11.0,11.0,16.0,26.0,24.0,282.0,254.0,308.0,237.0,261.0,313.0,321.0,265.0,118.0,111.0,127.0,144.0,109.0,99.0,114.0,204.0,200.0,155.0,148.0,203.0,1085.0,1081.0,1081.0,1044.56,998.41
Namibia,253.0,153.0,122.0,119.0,101.0,78.0,81.0,81.0,85.0,102.0,126.0,144.0,158.0,161.0,115.0,119.0,115.0,109.0,138.0,122.0,126.0,125.0,111.0,133.0,100.0,111.0,110.0,117.0,121.0,110.0,106.0,0.0,3.0,12.0,15.0,27.0,37.0,428.0,432.0,459.0,438.0,338.0,308.0,239.0,219.0,227.0,257.0,296.0,251.0,156.0,259.0,259.0,229.0,291.0,265.0,345.0,300.0,1191.0,1160.0,1143.0,1162.93,1190.49
Nepal,124.0,124.0,142.0,148.0,152.0,157.0,164.0,157.0,166.0,156.0,168.0,165.0,176.0,175.0,170.0,186.0,174.0,152.0,173.0,153.0,170.0,172.0,186.0,196.0,175.0,165.0,161.0,170.0,171.0,167.0,174.0,8.0,8.0,7.0,8.0,8.0,9.0,105.0,159.0,166.0,220.0,182.0,210.0,168.0,153.0,63.0,29.0,70.0,112.0,54.0,144.0,83.0,86.0,49.0,41.0,112.0,115.0,1001.0,974.0,968.0,982.22,963.1
Netherlands,16.0,3.0,8.0,6.0,9.0,25.0,8.0,19.0,8.0,8.0,6.0,4.0,6.0,3.0,7.0,9.0,3.0,3.0,2.0,2.0,8.0,9.0,5.0,14.0,22.0,21.0,14.0,14.0,14.0,10.0,6.0,50.0,57.0,59.0,58.0,59.0,55.0,720.0,640.0,708.0,722.0,746.0,752.0,757.0,790.0,1305.0,1170.0,1338.0,1288.0,1723.0,1365.0,1124.0,1106.0,1374.0,994.0,887.0,952.0,1560.0,1604.0,1609.0,1653.73,1731.23
Netherlands Antilles,33.0,33.0,33.0,33.0,33.0,33.0,33.0,33.0,33.0,33.0,33.0,33.0,33.0,33.0,173.0,179.0,154.0,169.0,150.0,33.0,33.0,33.0,33.0,33.0,33.0,33.0,33.0,33.0,33.0,33.0,33.0,0.0,0.0,0.0,0.0,0.0,0.0,0.0,0.0,0.0,0.0,0.0,0.0,0.0,0.0,43.0,32.0,128.0,80.0,107.0,0.0,0.0,0.0,0.0,0.0,0.0,0.0,0.0,0.0,0.0,0.0,0.0
New Caledonia,206.0,206.0,206.0,206.0,206.0,206.0,206.0,206.0,206.0,206.0,206.0,186.0,186.0,187.0,175.0,117.0,131.0,146.0,155.0,166.0,107.0,121.0,153.0,182.0,168.0,154.0,154.0,156.0,156.0,153.0,161.0,0.0,0.0,0.0,0.0,0.0,0.0,0.0,0.0,0.0,0.0,0.0,119.0,119.0,104.0,51.0,271.0,229.0,126.0,89.0,116.0,330.0,249.0,142.0,80.0,123.0,146.0,1036.0,1035.0,1035.0,1035.12,995.58
New Zealand,80.0,78.0,107.0,102.0,116.0,119.0,100.0,100.0,90.0,83.0,49.0,88.0,96.0,121.0,131.0,94.0,82.0,79.0,63.0,118.0,91.0,91.0,135.0,150.0,109.0,120.0,119.0,122.0,118.0,111.0,100.0,21.0,22.0,15.0,19.0,21.0,23.0,356.0,381.0,443.0,477.0,562.0,480.0,481.0,368.0,172.0,349.0,419.0,400.0,506.0,271.0,390.0,378.0,216.0,192.0,311.0,267.0,1157.0,1149.0,1149.0,1161.66,1201.06
Nicaragua,150.0,154.0,170.0,174.0,178.0,182.0,186.0,193.0,191.0,188.0,186.0,174.0,158.0,153.0,168.0,158.0,182.0,162.0,157.0,145.0,145.0,159.0,173.0,96.0,111.0,115.0,128.0,151.0,149.0,144.0,140.0,1.0,1.0,1.0,1.0,2.0,2.0,36.0,40.0,71.0,89.0,101.0,168.0,239.0,244.0,69.0,96.0,45.0,92.0,86.0,165.0,192.0,137.0,75.0,357.0,299.0,287.0,1119.0,1050.0,1055.0,1062.21,1079.17
Niger,77.0,77.0,77.0,94.0,132.0,151.0,143.0,164.0,182.0,192.0,184.0,164.0,173.0,177.0,148.0,157.0,142.0,162.0,94.0,98.0,97.0,104.0,119.0,103.0,127.0,106.0,109.0,112.0,113.0,114.0,123.0,21.0,23.0,25.0,21.0,16.0,11.0,190.0,137.0,107.0,72.0,110.0,211.0,177.0,144.0,112.0,103.0,168.0,92.0,349.0,361.0,371.0,318.0,259.0,337.0,248.0,311.0,1205.0,1179.0,1172.0,1158.39,1142.57
Nigeria,17.0,15.0,13.0,38.0,64.0,67.0,57.0,76.0,50.0,40.0,29.0,35.0,21.0,24.0,9.0,19.0,17.0,15.0,32.0,45.0,52.0,41.0,43.0,66.0,50.0,51.0,46.0,31.0,36.0,32.0,40.0,50.0,51.0,55.0,43.0,37.0,40.0,493.0,444.0,555.0,604.0,642.0,623.0,689.0,692.0,1244.0,879.0,891.0,956.0,730.0,612.0,573.0,701.0,654.0,540.0,619.0,651.0,1427.0,1493.0,1474.0,1509.91,1480.8
North Macedonia,207.0,207.0,207.0,207.0,207.0,207.0,207.0,207.0,207.0,207.0,207.0,207.0,207.0,207.0,207.0,207.0,207.0,64.0,207.0,207.0,207.0,207.0,207.0,207.0,207.0,207.0,73.0,68.0,65.0,67.0,65.0,0.0,0.0,0.0,0.0,0.0,0.0,0.0,0.0,0.0,0.0,0.0,0.0,0.0,0.0,0.0,0.0,0.0,506.0,0.0,0.0,0.0,0.0,0.0,0.0,0.0,0.0,1333.0,1347.0,1362.0,1367.23,1363.07
Northern Ireland,40.0,38.0,50.0,48.0,68.0,99.0,67.0,84.0,94.0,89.0,106.0,124.0,109.0,103.0,47.0,32.0,52.0,40.0,43.0,87.0,98.0,90.0,47.0,30.0,32.0,25.0,36.0,36.0,45.0,54.0,62.0,37.0,38.0,37.0,38.0,37.0,31.0,467.0,427.0,437.0,465.0,413.0,383.0,442.0,460.0,625.0,780.0,580.0,729.0,615.0,403.0,367.0,381.0,615.0,825.0,767.0,867.0,1465.0,1476.0,1440.0,1424.97,1385.93
Norway,9.0,5.0,6.0,9.0,17.0,10.0,13.0,7.0,14.0,26.0,25.0,42.0,36.0,37.0,50.0,29.0,59.0,32.0,12.0,24.0,24.0,59.0,67.0,54.0,84.0,58.0,48.0,44.0,44.0,45.0,44.0,54.0,57.0,60.0,55.0,54.0,59.0,678.0,718.0,675.0,650.0,648.0,604.0,632.0,649.0,587.0,827.0,526.0,772.0,995.0,788.0,810.0,558.0,500.0,591.0,418.0,572.0,1425.0,1451.0,1450.0,1455.43,1463.77
Oman,97.0,80.0,78.0,97.0,92.0,87.0,86.0,92.0,107.0,90.0,100.0,65.0,56.0,92.0,84.0,92.0,94.0,93.0,104.0,90.0,108.0,79.0,93.0,99.0,118.0,101.0,90.0,82.0,81.0,79.0,73.0,14.0,20.0,25.0,20.0,29.0,36.0,414.0,405.0,395.0,464.0,425.0,532.0,583.0,483.0,383.0,359.0,376.0,352.0,298.0,393.0,328.0,440.0,346.0,344.0,287.0,335.0,1273.0,1303.0,1303.0,1301.0,1333.54
Pakistan,149.0,141.0,159.0,160.0,172.0,154.0,176.0,180.0,190.0,182.0,172.0,168.0,176.0,158.0,171.0,163.0,165.0,156.0,171.0,179.0,189.0,172.0,188.0,185.0,197.0,201.0,199.0,200.0,200.0,197.0,195.0,1.0,4.0,3.0,5.0,4.0,10.0,82.0,79.0,73.0,109.0,166.0,203.0,168.0,236.0,62.0,85.0,89.0,105.0,56.0,76.0,37.0,86.0,45.0,72.0,40.0,15.0,888.0,867.0,867.0,866.81,861.18
Palestine,238.0,238.0,238.0,238.0,238.0,184.0,188.0,170.0,171.0,147.0,143.0,139.0,126.0,137.0,131.0,162.0,180.0,172.0,178.0,162.0,152.0,142.0,115.0,131.0,131.0,75.0,100.0,103.0,102.0,100.0,93.0,0.0,0.0,0.0,0.0,0.0,3.0,27.0,114.0,152.0,253.0,281.0,315.0,379.0,314.0,172.0,86.0,52.0,57.0,40.0,121.0,154.0,174.0,268.0,267.0,233.0,443.0,1224.0,1204.0,1206.0,1208.9,1239.19
Panama,125.0,131.0,140.0,128.0,103.0,120.0,133.0,139.0,121.0,111.0,130.0,125.0,101.0,78.0,80.0,64.0,83.0,77.0,67.0,47.0,46.0,36.0,55.0,65.0,58.0,53.0,76.0,81.0,78.0,63.0,58.0,7.0,7.0,7.0,12.0,26.0,23.0,216.0,214.0,319.0,400.0,326.0,368.0,469.0,536.0,411.0,494.0,417.0,406.0,475.0,600.0,594.0,722.0,551.0,544.0,582.0,636.0,1324.0,1304.0,1312.0,1375.56,1399.23
Papua New Guinea,194.0,194.0,194.0,179.0,168.0,168.0,174.0,183.0,192.0,197.0,165.0,173.0,161.0,166.0,177.0,184.0,194.0,194.0,187.0,193.0,188.0,194.0,199.0,203.0,171.0,158.0,168.0,165.0,166.0,165.0,159.0,0.0,0.0,0.0,1.0,4.0,6.0,85.0,72.0,65.0,52.0,189.0,171.0,231.0,190.0,47.0,30.0,0.0,0.0,34.0,34.0,38.0,21.0,13.0,4.0,122.0,126.0,984.0,991.0,991.0,990.55,1007.46
Paraguay,67.0,59.0,94.0,65.0,31.0,30.0,22.0,17.0,10.0,13.0,18.0,22.0,29.0,30.0,35.0,21.0,18.0,29.0,24.0,27.0,35.0,51.0,76.0,46.0,40.0,31.0,33.0,41.0,35.0,50.0,48.0,27.0,29.0,19.0,32.0,47.0,53.0,608.0,647.0,706.0,691.0,679.0,664.0,661.0,672.0,745.0,873.0,889.0,806.0,832.0,775.0,682.0,607.0,442.0,652.0,684.0,812.0,1476.0,1461.0,1476.0,1440.53,1440.65
Peru,70.0,73.0,76.0,67.0,45.0,39.0,62.0,42.0,45.0,43.0,85.0,74.0,67.0,66.0,70.0,63.0,72.0,68.0,66.0,34.0,43.0,42.0,53.0,47.0,19.0,11.0,20.0,21.0,25.0,22.0,21.0,26.0,24.0,26.0,32.0,44.0,51.0,480.0,538.0,560.0,598.0,472.0,515.0,557.0,560.0,447.0,508.0,462.0,471.0,486.0,712.0,603.0,698.0,565.0,644.0,965.0,1128.0,1518.0,1544.0,1512.0,1563.45,1561.2
Philippines,215.0,215.0,166.0,166.0,166.0,175.0,177.0,181.0,180.0,175.0,179.0,189.0,187.0,191.0,178.0,181.0,162.0,167.0,153.0,157.0,147.0,127.0,129.0,135.0,122.0,123.0,123.0,124.0,124.0,129.0,136.0,0.0,0.0,2.0,2.0,5.0,5.0,79.0,75.0,116.0,149.0,134.0,106.0,101.0,77.0,43.0,31.0,102.0,85.0,97.0,139.0,176.0,219.0,221.0,264.0,273.0,263.0,1135.0,1136.0,1136.0,1129.91,1097.67
Poland,20.0,24.0,32.0,35.0,56.0,60.0,29.0,32.0,39.0,31.0,33.0,25.0,25.0,22.0,25.0,23.0,31.0,57.0,72.0,68.0,56.0,77.0,41.0,35.0,15.0,7.0,20.0,19.0,19.0,28.0,23.0,48.0,45.0,42.0,44.0,41.0,44.0,584.0,589.0,583.0,629.0,628.0,656.0,671.0,695.0,854.0,862.0,748.0,567.0,449.0,494.0,555.0,461.0,680.0,769.0,1087.0,1209.0,1518.0,1559.0,1559.0,1530.62,1553.76
Portugal,23.0,19.0,19.0,16.0,13.0,34.0,17.0,15.0,6.0,4.0,11.0,17.0,9.0,10.0,8.0,8.0,11.0,5.0,8.0,7.0,7.0,5.0,7.0,7.0,8.0,3.0,6.0,7.0,5.0,8.0,9.0,46.0,49.0,52.0,53.0,56.0,52.0,636.0,672.0,738.0,741.0,710.0,682.0,747.0,753.0,1258.0,1241.0,1007.0,1176.0,1090.0,1100.0,1144.0,1172.0,1160.0,1219.0,1229.0,1358.0,1614.0,1639.0,1662.0,1660.25,1707.22
Puerto Rico,101.0,105.0,129.0,130.0,150.0,171.0,178.0,186.0,195.0,196.0,198.0,200.0,194.0,195.0,196.0,196.0,141.0,166.0,131.0,108.0,131.0,156.0,161.0,172.0,145.0,166.0,179.0,178.0,179.0,172.0,166.0,12.0,12.0,11.0,12.0,9.0,6.0,74.0,56.0,52.0,55.0,43.0,38.0,75.0,62.0,10.0,7.0,173.0,89.0,184.0,310.0,248.0,141.0,119.0,120.0,194.0,112.0,948.0,941.0,942.0,962.77,985.41
Qatar,51.0,53.0,62.0,84.0,73.0,73.0,73.0,107.0,100.0,80.0,63.0,61.0,65.0,89.0,59.0,88.0,86.0,89.0,105.0,97.0,106.0,101.0,92.0,84.0,85.0,103.0,55.0,55.0,58.0,52.0,61.0,32.0,32.0,31.0,25.0,35.0,39.0,448.0,357.0,414.0,497.0,524.0,544.0,561.0,493.0,503.0,379.0,410.0,370.0,291.0,364.0,331.0,333.0,347.0,404.0,416.0,327.0,1398.0,1396.0,1391.0,1437.91,1388.61
Republic of Ireland,6.0,11.0,10.0,27.0,39.0,50.0,44.0,35.0,32.0,18.0,14.0,14.0,12.0,26.0,49.0,36.0,37.0,37.0,35.0,23.0,41.0,67.0,65.0,31.0,23.0,32.0,34.0,34.0,42.0,49.0,49.0,55.0,54.0,57.0,47.0,46.0,47.0,535.0,575.0,596.0,672.0,697.0,712.0,716.0,691.0,596.0,731.0,711.0,746.0,681.0,864.0,609.0,528.0,519.0,810.0,858.0,798.0,1474.0,1486.0,1456.0,1444.29,1436.31
Romania,21.0,18.0,12.0,11.0,15.0,11.0,10.0,8.0,13.0,15.0,26.0,27.0,28.0,27.0,20.0,13.0,21.0,38.0,56.0,55.0,33.0,33.0,15.0,16.0,38.0,40.0,25.0,37.0,37.0,47.0,46.0,47.0,50.0,56.0,55.0,55.0,59.0,698.0,715.0,683.0,686.0,648.0,652.0,664.0,686.0,912.0,1088.0,858.0,745.0,531.0,562.0,700.0,734.0,1014.0,980.0,690.0,737.0,1501.0,1475.0,1466.0,1453.18,1444.58
Russia,7.0,13.0,17.0,5.0,8.0,22.0,31.0,18.0,20.0,21.0,23.0,24.0,32.0,34.0,24.0,24.0,9.0,13.0,13.0,13.0,9.0,22.0,31.0,24.0,56.0,62.0,50.0,38.0,39.0,35.0,37.0,55.0,53.0,52.0,59.0,59.0,55.0,580.0,643.0,634.0,665.0,650.0,659.0,651.0,661.0,858.0,861.0,1103.0,1026.0,982.0,971.0,1070.0,870.0,789.0,895.0,592.0,534.0,1424.0,1470.0,1461.0,1493.42,1495.53
Rwanda,256.0,256.0,168.0,168.0,159.0,172.0,173.0,147.0,128.0,132.0,124.0,109.0,98.0,90.0,119.0,109.0,91.0,107.0,134.0,110.0,137.0,130.0,68.0,91.0,93.0,116.0,135.0,131.0,133.0,136.0,135.0,0.0,0.0,2.0,2.0,6.0,5.0,87.0,180.0,300.0,323.0,347.0,430.0,479.0,487.0,219.0,302.0,391.0,275.0,171.0,304.0,236.0,198.0,494.0,375.0,368.0,282.0,1094.0,1089.0,1103.0,1097.16,1100.67
Samoa,194.0,194.0,194.0,177.0,177.0,183.0,172.0,179.0,173.0,172.0,163.0,177.0,179.0,182.0,188.0,146.0,176.0,182.0,184.0,150.0,173.0,183.0,192.0,167.0,191.0,194.0,197.0,194.0,194.0,193.0,190.0,0.0,0.0,0.0,3.0,3.0,2.0,91.0,79.0,140.0,158.0,195.0,160.0,167.0,131.0,22.0,142.0,64.0,38.0,26.0,149.0,74.0,45.0,30.0,128.0,64.0,38.0,896.0,894.0,894.0,894.26,894.26
San Marino,119.0,121.0,135.0,152.0,165.0,173.0,153.0,151.0,168.0,158.0,161.0,162.0,165.0,156.0,195.0,197.0,181.0,181.0,181.0,181.0,181.0,180.0,179.0,198.0,202.0,204.0,211.0,209.0,210.0,210.0,211.0,8.0,9.0,9.0,7.0,5.0,5.0,153.0,175.0,159.0,211.0,198.0,216.0,221.0,237.0,11.0,6.0,0.0,0.0,0.0,0.0,0.0,55.0,55.0,28.0,17.0,11.0,854.0,824.0,810.0,780.33,759.12
Sao Tome e Principe,135.0,135.0,135.0,135.0,135.0,191.0,192.0,187.0,181.0,186.0,191.0,192.0,195.0,197.0,135.0,135.0,135.0,135.0,192.0,196.0,133.0,160.0,170.0,155.0,153.0,179.0,185.0,135.0,135.0,187.0,135.0,0.0,0.0,0.0,0.0,0.0,1.0,16.0,49.0,115.0,99.0,84.0,93.0,74.0,55.0,0.0,0.0,0.0,0.0,27.0,27.0,243.0,126.0,84.0,170.0,177.0,94.0,920.0,0.0,0.0,908.18,0.0
Saudi Arabia,44.0,36.0,27.0,43.0,36.0,32.0,36.0,39.0,38.0,32.0,38.0,26.0,30.0,33.0,64.0,57.0,53.0,59.0,78.0,87.0,118.0,73.0,102.0,75.0,48.0,65.0,70.0,67.0,67.0,53.0,54.0,34.0,39.0,46.0,40.0,46.0,53.0,565.0,556.0,585.0,629.0,612.0,654.0,657.0,663.0,482.0,571.0,559.0,538.0,423.0,403.0,277.0,487.0,318.0,474.0,641.0,522.0,1344.0,1351.0,1353.0,1433.95,1421.46
Scotland,30.0,25.0,30.0,26.0,27.0,37.0,26.0,20.0,25.0,50.0,60.0,51.0,86.0,60.0,26.0,14.0,33.0,46.0,52.0,48.0,69.0,37.0,36.0,52.0,67.0,32.0,40.0,50.0,48.0,40.0,36.0,42.0,45.0,42.0,47.0,48.0,52.0,602.0,638.0,612.0,577.0,528.0,552.0,515.0,572.0,847.0,990.0,739.0,665.0,542.0,599.0,490.0,717.0,729.0,609.0,524.0,798.0,1446.0,1422.0,1436.0,1471.82,1500.52
Senegal,58.0,60.0,51.0,52.0,58.0,81.0,88.0,79.0,88.0,68.0,27.0,33.0,30.0,30.0,41.0,40.0,50.0,91.0,70.0,43.0,79.0,68.0,35.0,45.0,33.0,24.0,24.0,20.0,20.0,18.0,18.0,31.0,29.0,36.0,38.0,40.0,37.0,401.0,439.0,454.0,536.0,647.0,628.0,657.0,672.0,699.0,675.0,583.0,359.0,465.0,625.0,439.0,526.0,734.0,661.0,743.0,875.0,1505.0,1555.0,1558.0,1587.78,1613.21
Serbia,370.0,370.0,370.0,370.0,370.0,370.0,370.0,370.0,370.0,370.0,370.0,370.0,47.0,36.0,33.0,27.0,35.0,19.0,23.0,27.0,37.0,30.0,38.0,55.0,45.0,37.0,31.0,29.0,30.0,25.0,25.0,0.0,0.0,0.0,0.0,0.0,0.0,0.0,0.0,0.0,0.0,0.0,0.0,612.0,724.0,765.0,844.0,731.0,916.0,837.0,775.0,659.0,752.0,713.0,590.0,647.0,756.0,1481.0,1494.0,1492.0,1547.38,1541.52
Serbia and Montenegro,92.0,92.0,92.0,92.0,92.0,92.0,92.0,92.0,92.0,19.0,19.0,41.0,46.0,47.0,92.0,92.0,92.0,92.0,92.0,92.0,92.0,92.0,92.0,92.0,92.0,92.0,92.0,92.0,92.0,92.0,92.0,0.0,0.0,0.0,0.0,0.0,0.0,0.0,0.0,0.0,678.0,677.0,605.0,599.0,612.0,0.0,0.0,0.0,0.0,0.0,0.0,0.0,0.0,0.0,0.0,0.0,0.0,0.0,0.0,0.0,0.0,0.0
Seychelles,152.0,188.0,171.0,176.0,174.0,181.0,183.0,192.0,188.0,193.0,185.0,163.0,173.0,176.0,130.0,161.0,172.0,175.0,195.0,188.0,195.0,176.0,178.0,190.0,185.0,192.0,189.0,202.0,202.0,196.0,197.0,1.0,0.0,1.0,2.0,3.0,3.0,51.0,43.0,83.0,69.0,104.0,213.0,177.0,152.0,173.0,89.0,72.0,44.0,10.0,53.0,24.0,67.0,61.0,56.0,78.0,43.0,911.0,866.0,866.0,870.63,860.13
Sierra Leone,86.0,72.0,71.0,51.0,86.0,88.0,104.0,121.0,130.0,141.0,134.0,146.0,160.0,163.0,151.0,159.0,110.0,132.0,123.0,60.0,62.0,76.0,85.0,121.0,96.0,98.0,114.0,118.0,116.0,107.0,117.0,18.0,25.0,27.0,38.0,31.0,36.0,344.0,273.0,291.0,290.0,312.0,295.0,232.0,213.0,108.0,94.0,315.0,159.0,233.0,533.0,526.0,464.0,374.0,285.0,355.0,360.0,1172.0,1155.0,1165.0,1173.81,1161.79
Singapore,73.0,76.0,100.0,96.0,95.0,103.0,94.0,104.0,101.0,115.0,111.0,107.0,104.0,92.0,126.0,126.0,135.0,120.0,139.0,147.0,154.0,149.0,157.0,148.0,165.0,173.0,165.0,157.0,158.0,161.0,158.0,24.0,23.0,17.0,20.0,28.0,29.0,374.0,372.0,412.0,387.0,399.0,434.0,460.0,483.0,189.0,227.0,207.0,217.0,151.0,161.0,146.0,152.0,133.0,196.0,136.0,101.0,991.0,1020.0,1020.0,1000.78,1014.04
Slovakia,146.0,58.0,44.0,36.0,24.0,29.0,24.0,21.0,22.0,47.0,56.0,47.0,53.0,44.0,37.0,54.0,44.0,36.0,20.0,39.0,44.0,60.0,21.0,26.0,25.0,28.0,29.0,32.0,34.0,46.0,51.0,2.0,30.0,37.0,44.0,51.0,53.0,603.0,626.0,626.0,588.0,535.0,564.0,587.0,621.0,720.0,578.0,621.0,752.0,854.0,648.0,595.0,557.0,891.0,860.0,837.0,817.0,1483.0,1490.0,1478.0,1455.36,1433.77
Slovenia,128.0,134.0,89.0,70.0,89.0,86.0,80.0,40.0,35.0,27.0,36.0,31.0,42.0,69.0,77.0,81.0,57.0,33.0,17.0,25.0,47.0,29.0,46.0,61.0,52.0,64.0,63.0,64.0,62.0,64.0,59.0,6.0,6.0,22.0,30.0,29.0,36.0,429.0,544.0,586.0,650.0,620.0,637.0,608.0,553.0,414.0,403.0,532.0,767.0,896.0,780.0,591.0,762.0,622.0,565.0,616.0,529.0,1369.0,1365.0,1379.0,1375.42,1398.47
Solomon Islands,144.0,149.0,165.0,170.0,171.0,138.0,134.0,145.0,132.0,136.0,145.0,156.0,130.0,140.0,160.0,122.0,163.0,171.0,178.0,180.0,150.0,172.0,183.0,200.0,186.0,151.0,143.0,141.0,141.0,142.0,134.0,2.0,2.0,2.0,1.0,4.0,17.0,214.0,182.0,289.0,309.0,272.0,247.0,374.0,303.0,81.0,250.0,100.0,60.0,40.0,75.0,166.0,86.0,53.0,26.0,77.0,152.0,1073.0,1073.0,1073.0,1072.78,1103.61
Somalia,190.0,159.0,160.0,165.0,179.0,187.0,193.0,197.0,194.0,194.0,190.0,191.0,189.0,184.0,194.0,195.0,178.0,179.0,185.0,190.0,201.0,203.0,204.0,190.0,190.0,207.0,204.0,196.0,197.0,194.0,201.0,0.0,3.0,3.0,2.0,2.0,1.0,12.0,14.0,59.0,67.0,87.0,97.0,95.0,111.0,13.0,8.0,57.0,39.0,23.0,43.0,14.0,8.0,6.0,0.0,0.0,809.0,868.0,879.0,879.0,873.71,854.72
South Africa,109.0,98.0,59.0,29.0,23.0,36.0,25.0,31.0,19.0,33.0,30.0,36.0,38.0,49.0,69.0,78.0,74.0,81.0,51.0,56.0,85.0,54.0,52.0,74.0,60.0,78.0,74.0,71.0,71.0,68.0,66.0,11.0,14.0,31.0,46.0,51.0,52.0,603.0,597.0,635.0,629.0,636.0,618.0,621.0,609.0,454.0,411.0,458.0,391.0,550.0,551.0,423.0,576.0,587.0,486.0,572.0,436.0,1325.0,1334.0,1341.0,1358.24,1350.08
South Sudan,177.0,177.0,177.0,177.0,177.0,177.0,177.0,177.0,177.0,177.0,177.0,177.0,177.0,177.0,177.0,177.0,177.0,177.0,177.0,199.0,198.0,201.0,189.0,139.0,168.0,153.0,164.0,169.0,163.0,168.0,163.0,0.0,0.0,0.0,0.0,0.0,0.0,0.0,0.0,0.0,0.0,0.0,0.0,0.0,0.0,0.0,0.0,0.0,0.0,0.0,20.0,20.0,10.0,43.0,246.0,123.0,148.0,994.0,983.0,998.0,977.81,993.36
Spain,13.0,6.0,2.0,4.0,7.0,23.0,9.0,4.0,7.0,7.0,3.0,3.0,5.0,5.0,12.0,4.0,1.0,1.0,1.0,1.0,1.0,1.0,9.0,3.0,10.0,6.0,9.0,8.0,6.0,7.0,10.0,51.0,57.0,62.0,59.0,61.0,55.0,703.0,753.0,734.0,730.0,780.0,798.0,764.0,768.0,1154.0,1349.0,1663.0,1627.0,1887.0,1564.0,1606.0,1507.0,1142.0,1370.0,1166.0,1231.0,1591.0,1636.0,1645.0,1704.75,1682.85
Sri Lanka,126.0,127.0,143.0,135.0,126.0,130.0,141.0,153.0,149.0,146.0,139.0,134.0,139.0,145.0,145.0,167.0,164.0,151.0,162.0,180.0,190.0,169.0,172.0,188.0,196.0,200.0,201.0,206.0,206.0,204.0,207.0,8.0,8.0,7.0,11.0,18.0,19.0,199.0,173.0,227.0,255.0,298.0,331.0,345.0,281.0,118.0,79.0,98.0,115.0,79.0,75.0,36.0,90.0,78.0,61.0,43.0,16.0,886.0,853.0,853.0,842.93,825.25
St Kitts and Nevis,73.0,73.0,73.0,73.0,73.0,73.0,73.0,73.0,73.0,73.0,73.0,73.0,73.0,73.0,73.0,73.0,73.0,73.0,73.0,73.0,73.0,73.0,73.0,73.0,73.0,73.0,73.0,73.0,73.0,140.0,139.0,0.0,0.0,0.0,0.0,0.0,0.0,0.0,0.0,0.0,0.0,0.0,0.0,0.0,0.0,0.0,0.0,0.0,0.0,0.0,0.0,0.0,0.0,0.0,0.0,0.0,0.0,0.0,0.0,0.0,1076.91,1081.4
St Lucia,69.0,69.0,69.0,69.0,69.0,69.0,69.0,69.0,69.0,69.0,69.0,69.0,69.0,69.0,69.0,69.0,69.0,69.0,69.0,69.0,69.0,69.0,69.0,69.0,69.0,69.0,69.0,69.0,69.0,172.0,169.0,0.0,0.0,0.0,0.0,0.0,0.0,0.0,0.0,0.0,0.0,0.0,0.0,0.0,0.0,0.0,0.0,0.0,0.0,0.0,0.0,0.0,0.0,0.0,0.0,0.0,0.0,0.0,0.0,0.0,965.66,978.91
St Vincent and the Grenadines,121.0,128.0,126.0,92.0,93.0,125.0,132.0,142.0,127.0,126.0,146.0,169.0,138.0,131.0,106.0,130.0,147.0,168.0,144.0,144.0,123.0,155.0,121.0,143.0,180.0,175.0,180.0,167.0,168.0,178.0,178.0,0.0,0.0,0.0,0.0,0.0,0.0,0.0,0.0,0.0,0.0,0.0,0.0,0.0,0.0,0.0,0.0,0.0,0.0,0.0,0.0,0.0,0.0,0.0,0.0,0.0,0.0,0.0,0.0,0.0,945.25,938.28
St. Kitts and Nevis,225.0,225.0,154.0,143.0,123.0,131.0,137.0,137.0,146.0,129.0,113.0,133.0,119.0,129.0,143.0,151.0,154.0,155.0,121.0,114.0,121.0,150.0,120.0,119.0,80.0,110.0,134.0,139.0,140.0,139.0,225.0,0.0,0.0,4.0,9.0,20.0,19.0,206.0,217.0,243.0,329.0,391.0,344.0,416.0,337.0,137.0,124.0,128.0,106.0,242.0,285.0,271.0,150.0,258.0,289.0,443.0,303.0,1105.0,1074.0,1074.0,1077.76,0.0
St. Lucia,136.0,139.0,131.0,115.0,134.0,144.0,142.0,138.0,137.0,130.0,115.0,129.0,117.0,128.0,164.0,181.0,176.0,187.0,181.0,185.0,149.0,146.0,140.0,144.0,179.0,175.0,171.0,176.0,175.0,177.0,200.0,4.0,4.0,10.0,16.0,15.0,14.0,190.0,214.0,275.0,327.0,384.0,351.0,427.0,344.0,77.0,31.0,64.0,32.0,37.0,65.0,168.0,155.0,202.0,216.0,103.0,99.0,976.0,953.0,953.0,953.45,0.0
St. Vincent / Grenadines,121.0,128.0,126.0,92.0,93.0,125.0,132.0,142.0,127.0,126.0,146.0,169.0,138.0,131.0,106.0,130.0,147.0,168.0,144.0,144.0,123.0,155.0,121.0,143.0,180.0,175.0,180.0,167.0,168.0,178.0,178.0,0.0,0.0,0.0,0.0,0.0,0.0,0.0,0.0,0.0,0.0,0.0,0.0,0.0,0.0,304.0,209.0,153.0,82.0,132.0,171.0,266.0,142.0,256.0,221.0,102.0,99.0,946.0,0.0,0.0,0.0,0.0
St. Vincent and the Grenadines,121.0,128.0,126.0,92.0,93.0,125.0,132.0,142.0,127.0,126.0,146.0,169.0,138.0,131.0,104.0,130.0,147.0,168.0,144.0,144.0,123.0,155.0,121.0,143.0,180.0,175.0,178.0,167.0,168.0,173.0,178.0,8.0,7.0,11.0,21.0,28.0,21.0,217.0,198.0,303.0,337.0,270.0,199.0,346.0,335.0,285.0,0.0,0.0,86.0,0.0,0.0,0.0,0.0,0.0,0.0,0.0,0.0,954.0,986.0,986.0,960.71,0.0
Sudan,126.0,119.0,102.0,88.0,75.0,113.0,114.0,132.0,134.0,119.0,112.0,105.0,104.0,92.0,112.0,94.0,93.0,109.0,100.0,120.0,100.0,119.0,108.0,130.0,137.0,124.0,127.0,128.0,127.0,133.0,128.0,7.0,9.0,17.0,23.0,34.0,26.0,298.0,244.0,284.0,373.0,395.0,438.0,460.0,483.0,230.0,349.0,383.0,251.0,314.0,265.0,361.0,258.0,296.0,271.0,217.0,260.0,1120.0,1112.0,1124.0,1118.31,1132.62
Suriname,115.0,118.0,109.0,127.0,131.0,149.0,159.0,162.0,164.0,144.0,141.0,158.0,151.0,153.0,114.0,152.0,129.0,142.0,115.0,125.0,112.0,132.0,163.0,189.0,128.0,160.0,153.0,141.0,141.0,140.0,141.0,9.0,9.0,14.0,12.0,17.0,12.0,136.0,138.0,173.0,268.0,283.0,234.0,302.0,244.0,229.0,118.0,231.0,133.0,257.0,254.0,311.0,197.0,115.0,57.0,245.0,121.0,1037.0,1073.0,1073.0,1077.57,1075.72
Swaziland,109.0,109.0,109.0,109.0,109.0,109.0,109.0,109.0,109.0,109.0,109.0,109.0,109.0,109.0,144.0,148.0,137.0,138.0,159.0,180.0,178.0,186.0,164.0,133.0,99.0,132.0,140.0,109.0,109.0,109.0,109.0,0.0,0.0,0.0,0.0,0.0,0.0,0.0,0.0,0.0,0.0,0.0,0.0,0.0,0.0,139.0,131.0,190.0,152.0,82.0,75.0,61.0,37.0,113.0,265.0,348.0,228.0,1078.0,0.0,0.0,0.0,0.0
Sweden,4.0,10.0,4.0,12.0,16.0,21.0,14.0,16.0,24.0,16.0,24.0,19.0,13.0,14.0,14.0,22.0,31.0,43.0,33.0,17.0,19.0,26.0,44.0,34.0,41.0,18.0,14.0,17.0,20.0,17.0,22.0,56.0,54.0,61.0,54.0,55.0,56.0,652.0,663.0,624.0,676.0,649.0,677.0,715.0,731.0,958.0,864.0,748.0,727.0,712.0,891.0,870.0,793.0,646.0,771.0,675.0,1000.0,1560.0,1579.0,1558.0,1588.26,1558.7
Switzerland,3.0,8.0,11.0,20.0,51.0,68.0,65.0,48.0,59.0,65.0,44.0,44.0,51.0,36.0,17.0,44.0,24.0,18.0,22.0,16.0,13.0,8.0,12.0,12.0,11.0,8.0,8.0,12.0,16.0,14.0,12.0,57.0,56.0,57.0,52.0,43.0,40.0,475.0,531.0,531.0,540.0,576.0,592.0,589.0,655.0,937.0,657.0,824.0,924.0,841.0,898.0,1004.0,1113.0,1091.0,1050.0,1129.0,1190.0,1599.0,1608.0,1593.0,1642.83,1664.24
Syria,78.0,82.0,113.0,138.0,115.0,98.0,95.0,109.0,102.0,91.0,89.0,86.0,85.0,100.0,111.0,104.0,105.0,100.0,110.0,117.0,136.0,135.0,151.0,125.0,96.0,76.0,83.0,79.0,76.0,91.0,90.0,21.0,20.0,13.0,10.0,22.0,32.0,368.0,339.0,412.0,462.0,462.0,482.0,516.0,465.0,231.0,329.0,336.0,331.0,278.0,275.0,237.0,188.0,156.0,278.0,355.0,442.0,1286.0,1314.0,1313.0,1251.22,1246.75
São Tomé and Príncipe,152.0,152.0,152.0,152.0,152.0,152.0,152.0,152.0,152.0,152.0,152.0,152.0,152.0,152.0,152.0,152.0,152.0,152.0,152.0,152.0,152.0,152.0,152.0,152.0,152.0,152.0,181.0,181.0,187.0,189.0,184.0,0.0,0.0,0.0,0.0,0.0,0.0,0.0,0.0,0.0,0.0,0.0,0.0,0.0,0.0,0.0,0.0,0.0,0.0,0.0,0.0,0.0,0.0,0.0,0.0,0.0,0.0,923.0,923.0,914.0,903.31,906.7
São Tomé e Príncipe,8.0,8.0,8.0,8.0,8.0,8.0,8.0,8.0,8.0,8.0,8.0,8.0,8.0,8.0,8.0,8.0,8.0,8.0,8.0,8.0,8.0,8.0,8.0,8.0,177.0,8.0,8.0,8.0,8.0,8.0,8.0,0.0,0.0,0.0,0.0,0.0,0.0,0.0,0.0,0.0,0.0,0.0,0.0,0.0,0.0,0.0,0.0,0.0,0.0,0.0,0.0,0.0,0.0,0.0,0.0,94.0,0.0,0.0,0.0,0.0,0.0,0.0
Tahiti,137.0,142.0,149.0,155.0,157.0,163.0,128.0,140.0,133.0,127.0,118.0,132.0,125.0,141.0,173.0,159.0,190.0,195.0,183.0,184.0,140.0,141.0,166.0,190.0,149.0,152.0,157.0,161.0,161.0,159.0,162.0,4.0,4.0,4.0,6.0,7.0,8.0,249.0,210.0,288.0,336.0,383.0,347.0,381.0,299.0,55.0,94.0,32.0,19.0,31.0,73.0,215.0,179.0,100.0,56.0,184.0,149.0,1020.0,1014.0,1014.0,1014.27,995.11
Tajikistan,238.0,155.0,158.0,164.0,163.0,118.0,125.0,120.0,136.0,155.0,170.0,136.0,135.0,141.0,125.0,141.0,146.0,148.0,143.0,140.0,135.0,113.0,136.0,148.0,132.0,126.0,120.0,121.0,120.0,115.0,109.0,0.0,4.0,3.0,3.0,6.0,24.0,259.0,285.0,281.0,229.0,177.0,324.0,354.0,299.0,190.0,168.0,162.0,123.0,142.0,218.0,240.0,285.0,215.0,196.0,231.0,255.0,1155.0,1152.0,1144.0,1152.56,1182.24
Tanzania,91.0,96.0,65.0,76.0,90.0,95.0,115.0,128.0,140.0,151.0,154.0,159.0,172.0,165.0,109.0,101.0,101.0,108.0,120.0,137.0,124.0,118.0,104.0,126.0,156.0,146.0,137.0,134.0,135.0,132.0,130.0,15.0,14.0,30.0,29.0,29.0,33.0,295.0,253.0,262.0,246.0,224.0,233.0,187.0,196.0,251.0,333.0,352.0,266.0,243.0,225.0,264.0,261.0,315.0,277.0,155.0,182.0,1087.0,1086.0,1087.0,1118.76,1125.89
Thailand,66.0,69.0,92.0,72.0,61.0,56.0,70.0,60.0,61.0,62.0,54.0,60.0,80.0,109.0,124.0,107.0,124.0,98.0,119.0,124.0,138.0,148.0,144.0,121.0,126.0,129.0,115.0,113.0,110.0,112.0,114.0,27.0,26.0,21.0,30.0,38.0,45.0,454.0,492.0,521.0,544.0,545.0,545.0,525.0,422.0,192.0,312.0,252.0,333.0,245.0,257.0,228.0,153.0,182.0,285.0,251.0,236.0,1169.0,1178.0,1178.0,1160.14,1171.88
The Gambia,154.0,125.0,111.0,118.0,128.0,121.0,139.0,152.0,154.0,154.0,144.0,137.0,154.0,164.0,135.0,111.0,75.0,98.0,105.0,118.0,143.0,138.0,168.0,165.0,177.0,163.0,166.0,159.0,157.0,126.0,120.0,0.0,0.0,0.0,0.0,0.0,0.0,0.0,0.0,0.0,0.0,0.0,0.0,0.0,0.0,0.0,0.0,0.0,0.0,0.0,0.0,0.0,0.0,0.0,0.0,0.0,0.0,0.0,0.0,0.0,1137.47,1150.99
Timor-Leste,167.0,167.0,167.0,167.0,167.0,167.0,167.0,167.0,167.0,167.0,167.0,167.0,167.0,167.0,167.0,198.0,198.0,200.0,201.0,205.0,182.0,190.0,185.0,170.0,191.0,191.0,196.0,196.0,197.0,198.0,196.0,0.0,0.0,0.0,0.0,0.0,0.0,0.0,0.0,0.0,0.0,0.0,0.0,0.0,0.0,0.0,9.0,9.0,4.0,3.0,2.0,52.0,26.0,51.0,127.0,64.0,44.0,900.0,879.0,879.0,865.47,860.45
Togo,114.0,120.0,80.0,101.0,70.0,79.0,72.0,87.0,78.0,69.0,87.0,95.0,89.0,56.0,66.0,74.0,90.0,70.0,101.0,100.0,77.0,71.0,62.0,93.0,90.0,127.0,122.0,126.0,128.0,126.0,129.0,10.0,9.0,24.0,19.0,36.0,37.0,449.0,413.0,475.0,525.0,466.0,463.0,513.0,585.0,460.0,426.0,405.0,468.0,313.0,350.0,451.0,509.0,527.0,368.0,386.0,247.0,1136.0,1127.0,1115.0,1133.24,1129.81
Tonga,197.0,197.0,197.0,176.0,164.0,174.0,170.0,178.0,185.0,173.0,177.0,181.0,183.0,185.0,189.0,170.0,190.0,189.0,188.0,176.0,185.0,190.0,196.0,197.0,197.0,211.0,204.0,203.0,203.0,199.0,194.0,0.0,0.0,0.0,3.0,6.0,5.0,94.0,80.0,98.0,151.0,154.0,136.0,138.0,110.0,21.0,77.0,32.0,28.0,17.0,88.0,44.0,26.0,17.0,0.0,0.0,774.0,868.0,862.0,862.0,861.81,861.81
Trinidad and Tobago,85.0,89.0,69.0,46.0,42.0,51.0,68.0,45.0,29.0,34.0,47.0,70.0,61.0,50.0,87.0,78.0,73.0,84.0,87.0,78.0,71.0,78.0,55.0,50.0,83.0,80.0,93.0,105.0,103.0,101.0,104.0,18.0,16.0,27.0,39.0,45.0,46.0,455.0,535.0,600.0,629.0,566.0,522.0,568.0,608.0,372.0,411.0,461.0,382.0,373.0,448.0,483.0,441.0,551.0,623.0,421.0,430.0,1260.0,1201.0,1200.0,1205.99,1197.61
Tunisia,31.0,33.0,24.0,31.0,26.0,19.0,28.0,28.0,26.0,28.0,41.0,45.0,35.0,28.0,32.0,46.0,45.0,55.0,44.0,59.0,53.0,44.0,22.0,40.0,36.0,23.0,28.0,27.0,26.0,36.0,28.0,40.0,41.0,47.0,46.0,50.0,56.0,592.0,604.0,611.0,649.0,586.0,580.0,633.0,685.0,784.0,624.0,615.0,573.0,592.0,541.0,570.0,689.0,873.0,711.0,713.0,915.0,1493.0,1506.0,1503.0,1489.92,1535.76
Turkey,63.0,52.0,49.0,28.0,29.0,43.0,42.0,30.0,31.0,23.0,7.0,8.0,14.0,11.0,27.0,16.0,10.0,42.0,31.0,29.0,40.0,45.0,48.0,21.0,24.0,41.0,41.0,29.0,32.0,39.0,43.0,29.0,33.0,37.0,46.0,48.0,48.0,536.0,597.0,598.0,663.0,736.0,738.0,711.0,748.0,845.0,924.0,1016.0,728.0,741.0,769.0,627.0,677.0,604.0,933.0,851.0,735.0,1443.0,1494.0,1487.0,1472.72,0.0
Turkmenistan,240.0,130.0,113.0,134.0,142.0,136.0,121.0,130.0,126.0,114.0,135.0,96.0,99.0,116.0,155.0,128.0,149.0,134.0,133.0,146.0,129.0,133.0,147.0,117.0,143.0,114.0,136.0,129.0,132.0,134.0,137.0,0.0,9.0,13.0,11.0,11.0,17.0,277.0,251.0,305.0,390.0,310.0,460.0,478.0,385.0,96.0,222.0,149.0,157.0,173.0,164.0,254.0,195.0,166.0,294.0,200.0,292.0,1089.0,1107.0,1107.0,1117.6,1095.2
Turks and Caicos Islands,173.0,173.0,173.0,173.0,173.0,173.0,189.0,196.0,200.0,200.0,202.0,203.0,203.0,203.0,169.0,179.0,167.0,174.0,186.0,200.0,173.0,181.0,177.0,197.0,201.0,202.0,208.0,203.0,203.0,205.0,205.0,0.0,0.0,0.0,0.0,0.0,0.0,31.0,19.0,22.0,19.0,16.0,14.0,28.0,22.0,64.0,32.0,83.0,45.0,19.0,13.0,0.0,66.0,66.0,33.0,20.0,13.0,864.0,862.0,862.0,839.84,839.39
Türkiye,63.0,52.0,49.0,28.0,29.0,43.0,42.0,30.0,31.0,23.0,7.0,8.0,14.0,11.0,27.0,16.0,10.0,42.0,31.0,29.0,40.0,45.0,48.0,21.0,24.0,41.0,41.0,29.0,32.0,45.0,43.0,0.0,0.0,0.0,0.0,0.0,0.0,0.0,0.0,0.0,0.0,0.0,0.0,0.0,0.0,0.0,0.0,0.0,0.0,0.0,0.0,0.0,0.0,0.0,0.0,0.0,0.0,0.0,0.0,0.0,1460.14,1465.7
US Virgin Islands,175.0,175.0,175.0,175.0,175.0,175.0,191.0,194.0,198.0,198.0,197.0,199.0,196.0,196.0,175.0,192.0,196.0,199.0,200.0,178.0,186.0,193.0,197.0,177.0,195.0,198.0,202.0,207.0,207.0,207.0,208.0,0.0,0.0,0.0,0.0,0.0,0.0,27.0,32.0,33.0,47.0,51.0,42.0,70.0,58.0,0.0,17.0,17.0,8.0,5.0,82.0,39.0,23.0,16.0,88.0,44.0,26.0,881.0,844.0,844.0,816.13,816.59
USA,28.0,21.0,22.0,15.0,22.0,12.0,23.0,22.0,16.0,24.0,10.0,11.0,11.0,7.0,31.0,20.0,22.0,14.0,18.0,33.0,28.0,14.0,27.0,32.0,28.0,25.0,25.0,22.0,22.0,13.0,13.0,44.0,47.0,48.0,54.0,52.0,59.0,605.0,619.0,659.0,662.0,723.0,732.0,726.0,767.0,792.0,876.0,853.0,963.0,867.0,721.0,782.0,1019.0,836.0,784.0,822.0,867.0,1501.0,1542.0,1548.0,1643.34,1653.77
Uganda,104.0,94.0,73.0,77.0,80.0,114.0,106.0,108.0,103.0,117.0,108.0,100.0,109.0,96.0,102.0,97.0,68.0,74.0,83.0,82.0,81.0,87.0,77.0,62.0,73.0,73.0,77.0,77.0,83.0,84.0,89.0,11.0,15.0,26.0,29.0,33.0,26.0,342.0,342.0,411.0,378.0,407.0,450.0,442.0,475.0,292.0,346.0,489.0,447.0,416.0,411.0,435.0,413.0,441.0,553.0,476.0,446.0,1320.0,1321.0,1301.0,1279.18,1257.3
Ukraine,131.0,90.0,81.0,69.0,67.0,52.0,34.0,27.0,34.0,45.0,45.0,61.0,57.0,40.0,13.0,30.0,16.0,24.0,34.0,54.0,44.0,18.0,25.0,29.0,30.0,35.0,30.0,24.0,24.0,27.0,30.0,5.0,16.0,24.0,30.0,37.0,46.0,568.0,609.0,587.0,593.0,574.0,544.0,580.0,629.0,1054.0,824.0,909.0,848.0,702.0,568.0,595.0,907.0,854.0,842.0,804.0,781.0,1482.0,1537.0,1521.0,1535.08,1530.04
United Arab Emirates,55.0,51.0,43.0,78.0,64.0,53.0,55.0,54.0,64.0,60.0,91.0,77.0,83.0,85.0,88.0,99.0,114.0,113.0,102.0,138.0,103.0,63.0,80.0,64.0,64.0,78.0,67.0,71.0,74.0,69.0,72.0,31.0,33.0,37.0,28.0,37.0,46.0,503.0,515.0,512.0,550.0,460.0,513.0,521.0,509.0,371.0,341.0,304.0,241.0,304.0,223.0,346.0,548.0,408.0,547.0,544.0,436.0,1355.0,1334.0,1326.0,1353.1,1336.28
Uruguay,22.0,16.0,36.0,34.0,43.0,40.0,63.0,47.0,33.0,22.0,28.0,21.0,17.0,18.0,30.0,28.0,23.0,21.0,7.0,4.0,16.0,6.0,10.0,11.0,9.0,22.0,7.0,5.0,8.0,16.0,16.0,46.0,51.0,40.0,44.0,45.0,51.0,479.0,533.0,590.0,664.0,643.0,671.0,707.0,705.0,806.0,831.0,828.0,909.0,1152.0,1309.0,975.0,1132.0,1135.0,1074.0,1187.0,924.0,1609.0,1645.0,1639.0,1614.05,1631.29
Uzbekistan,307.0,77.0,82.0,95.0,110.0,85.0,82.0,55.0,73.0,64.0,103.0,82.0,47.0,59.0,45.0,66.0,69.0,75.0,108.0,67.0,56.0,65.0,71.0,73.0,61.0,77.0,89.0,85.0,85.0,85.0,74.0,0.0,23.0,23.0,20.0,23.0,37.0,422.0,513.0,483.0,542.0,420.0,496.0,598.0,573.0,645.0,492.0,485.0,431.0,285.0,495.0,555.0,546.0,464.0,489.0,568.0,441.0,1275.0,1289.0,1283.0,1277.02,1318.36
Vanuatu,208.0,208.0,208.0,177.0,180.0,186.0,179.0,184.0,167.0,169.0,158.0,160.0,145.0,147.0,167.0,139.0,140.0,154.0,166.0,174.0,167.0,179.0,191.0,193.0,177.0,156.0,163.0,163.0,164.0,164.0,164.0,0.0,0.0,0.0,2.0,2.0,2.0,72.0,63.0,163.0,182.0,212.0,227.0,325.0,266.0,70.0,175.0,176.0,108.0,67.0,96.0,99.0,53.0,33.0,47.0,106.0,141.0,996.0,996.0,996.0,995.62,986.65
Venezuela,94.0,92.0,121.0,112.0,112.0,115.0,126.0,110.0,111.0,81.0,69.0,55.0,63.0,68.0,73.0,59.0,65.0,47.0,60.0,41.0,55.0,39.0,87.0,83.0,59.0,52.0,32.0,25.0,28.0,58.0,55.0,14.0,16.0,12.0,16.0,22.0,25.0,257.0,335.0,377.0,493.0,501.0,549.0,562.0,555.0,434.0,557.0,496.0,646.0,515.0,642.0,561.0,715.0,371.0,412.0,581.0,639.0,1478.0,1517.0,1501.0,1411.45,1410.47
Vietnam,132.0,135.0,151.0,117.0,102.0,106.0,111.0,102.0,99.0,106.0,93.0,99.0,102.0,121.0,134.0,123.0,138.0,116.0,136.0,101.0,134.0,143.0,133.0,146.0,136.0,112.0,99.0,94.0,93.0,98.0,95.0,5.0,5.0,4.0,15.0,26.0,28.0,315.0,374.0,420.0,430.0,451.0,452.0,465.0,368.0,167.0,232.0,182.0,231.0,167.0,344.0,242.0,166.0,218.0,209.0,218.0,298.0,1227.0,1258.0,1258.0,1218.55,1229.69
Wales,27.0,27.0,45.0,63.0,82.0,107.0,74.0,98.0,109.0,100.0,53.0,65.0,68.0,72.0,74.0,58.0,60.0,76.0,113.0,49.0,81.0,55.0,34.0,17.0,12.0,19.0,19.0,23.0,18.0,20.0,26.0,44.0,44.0,37.0,34.0,33.0,28.0,446.0,389.0,387.0,441.0,554.0,532.0,554.0,549.0,428.0,560.0,522.0,420.0,261.0,591.0,435.0,574.0,748.0,974.0,1121.0,985.0,1525.0,1540.0,1562.0,1578.01,1538.95
Yemen,90.0,91.0,103.0,125.0,149.0,132.0,146.0,158.0,160.0,137.0,142.0,129.0,123.0,139.0,140.0,143.0,153.0,105.0,127.0,149.0,165.0,180.0,176.0,175.0,149.0,138.0,143.0,144.0,145.0,151.0,157.0,17.0,16.0,16.0,12.0,9.0,19.0,187.0,149.0,190.0,304.0,283.0,351.0,388.0,310.0,143.0,155.0,131.0,294.0,222.0,153.0,106.0,50.0,67.0,114.0,184.0,212.0,1073.0,1071.0,1071.0,1046.26,1020.37
Yugoslavia,56.0,70.0,87.0,81.0,54.0,8.0,16.0,13.0,9.0,11.0,82.0,82.0,82.0,82.0,82.0,82.0,82.0,82.0,82.0,82.0,82.0,82.0,82.0,82.0,82.0,82.0,82.0,82.0,82.0,82.0,82.0,31.0,25.0,22.0,26.0,42.0,59.0,643.0,694.0,707.0,710.0,0.0,0.0,0.0,0.0,0.0,0.0,0.0,0.0,0.0,0.0,0.0,0.0,0.0,0.0,0.0,0.0,0.0,0.0,0.0,0.0,0.0
Zaire,71.0,71.0,66.0,71.0,63.0,82.0,51.0,30.0,30.0,30.0,30.0,30.0,30.0,30.0,30.0,30.0,30.0,30.0,30.0,30.0,30.0,30.0,30.0,30.0,30.0,30.0,30.0,30.0,30.0,30.0,30.0,25.0,25.0,29.0,30.0,37.0,37.0,514.0,0.0,0.0,0.0,0.0,0.0,0.0,0.0,0.0,0.0,0.0,0.0,0.0,0.0,0.0,0.0,0.0,0.0,0.0,0.0,0.0,0.0,0.0,0.0,0.0
Zambia,25.0,30.0,21.0,23.0,20.0,18.0,37.0,36.0,49.0,63.0,68.0,69.0,71.0,58.0,63.0,67.0,76.0,73.0,81.0,71.0,39.0,69.0,50.0,67.0,88.0,72.0,82.0,88.0,90.0,88.0,86.0,45.0,43.0,48.0,49.0,52.0,56.0,563.0,571.0,555.0,543.0,503.0,524.0,552.0,584.0,485.0,474.0,430.0,449.0,418.0,459.0,646.0,519.0,594.0,516.0,395.0,466.0,1292.0,1279.0,1265.0,1264.64,1280.52
Zimbabwe,50.0,46.0,41.0,62.0,50.0,83.0,75.0,67.0,70.0,66.0,57.0,49.0,60.0,53.0,72.0,83.0,96.0,117.0,117.0,102.0,102.0,105.0,107.0,108.0,103.0,106.0,113.0,111.0,112.0,122.0,126.0,33.0,35.0,38.0,34.0,43.0,37.0,442.0,473.0,493.0,540.0,533.0,560.0,572.0,599.0,436.0,389.0,374.0,229.0,247.0,341.0,354.0,312.0,301.0,322.0,330.0,311.0,1175.0,1180.0,1176.0,1138.56,1138.56
